file,start,end,speaker,gender,age,language
databases/tub-age2/age_files/Sebastian/seb10_m_28.wav,0 days 00:00:00.660000,0 days 00:00:05.600000,seb10_m_28,male,28,de-de
databases/tub-age2/age_files/Sebastian/seb10_m_28.wav,0 days 00:00:06.780000,0 days 00:00:13.740000,seb10_m_28,male,28,de-de
databases/tub-age2/age_files/Sebastian/seb10_m_28.wav,0 days 00:00:13.800000,0 days 00:00:15.320000,seb10_m_28,male,28,de-de
databases/tub-age2/age_files/Sebastian/seb10_m_28.wav,0 days 00:00:16.140000,0 days 00:00:17.980000,seb10_m_28,male,28,de-de
databases/tub-age2/age_files/Sebastian/seb10_m_28.wav,0 days 00:00:18.340000,0 days 00:00:21.180000,seb10_m_28,male,28,de-de
databases/tub-age2/age_files/Sebastian/seb10_m_28.wav,0 days 00:00:21.840000,0 days 00:00:23.860000,seb10_m_28,male,28,de-de
databases/tub-age2/age_files/Sebastian/seb10_m_28.wav,0 days 00:00:24.740000,0 days 00:00:28.580000,seb10_m_28,male,28,de-de
databases/tub-age2/age_files/Sebastian/seb10_m_28.wav,0 days 00:00:29.740000,0 days 00:00:31.720000,seb10_m_28,male,28,de-de
databases/tub-age2/age_files/Sebastian/seb11_m_27.wav,0 days 00:00:00.220000,0 days 00:00:06.350000,seb11_m_27,male,27,de-de
databases/tub-age2/age_files/Sebastian/seb11_m_27.wav,0 days 00:00:07.080000,0 days 00:00:10.800000,seb11_m_27,male,27,de-de
databases/tub-age2/age_files/Sebastian/seb11_m_27.wav,0 days 00:00:11.300000,0 days 00:00:14.200000,seb11_m_27,male,27,de-de
databases/tub-age2/age_files/Sebastian/seb11_m_27.wav,0 days 00:00:15.060000,0 days 00:00:16.060000,seb11_m_27,male,27,de-de
databases/tub-age2/age_files/Sebastian/seb11_m_27.wav,0 days 00:00:17.100000,0 days 00:00:18.680000,seb11_m_27,male,27,de-de
databases/tub-age2/age_files/Sebastian/seb11_m_27.wav,0 days 00:00:19.260000,0 days 00:00:20.600000,seb11_m_27,male,27,de-de
databases/tub-age2/age_files/Sebastian/seb11_m_27.wav,0 days 00:00:21.580000,0 days 00:00:23.940000,seb11_m_27,male,27,de-de
databases/tub-age2/age_files/Sebastian/seb11_m_27.wav,0 days 00:00:24.720000,0 days 00:00:27.820000,seb11_m_27,male,27,de-de
databases/tub-age2/age_files/Sebastian/seb12_m_30.wav,0 days 00:00:00.260000,0 days 00:00:05.040000,seb12_m_30,male,30,de-de
databases/tub-age2/age_files/Sebastian/seb12_m_30.wav,0 days 00:00:05.440000,0 days 00:00:08.220000,seb12_m_30,male,30,de-de
databases/tub-age2/age_files/Sebastian/seb12_m_30.wav,0 days 00:00:08.760000,0 days 00:00:13.260000,seb12_m_30,male,30,de-de
databases/tub-age2/age_files/Sebastian/seb12_m_30.wav,0 days 00:00:14.140000,0 days 00:00:17.960000,seb12_m_30,male,30,de-de
databases/tub-age2/age_files/Sebastian/seb12_m_30.wav,0 days 00:00:19.700000,0 days 00:00:21.780000,seb12_m_30,male,30,de-de
databases/tub-age2/age_files/Sebastian/seb12_m_30.wav,0 days 00:00:22.380000,0 days 00:00:25.640000,seb12_m_30,male,30,de-de
databases/tub-age2/age_files/Sebastian/seb13_f_32.wav,0 days 00:00:00,0 days 00:00:03.820000,seb13_f_32,female,32,de-de
databases/tub-age2/age_files/Sebastian/seb13_f_32.wav,0 days 00:00:04.220000,0 days 00:00:09.940000,seb13_f_32,female,32,de-de
databases/tub-age2/age_files/Sebastian/seb13_f_32.wav,0 days 00:00:10.320000,0 days 00:00:15.140000,seb13_f_32,female,32,de-de
databases/tub-age2/age_files/Sebastian/seb13_f_32.wav,0 days 00:00:16.080000,0 days 00:00:20.400000,seb13_f_32,female,32,de-de
databases/tub-age2/age_files/Sebastian/seb14_m_34.wav,0 days 00:00:00.260000,0 days 00:00:03.080000,seb14_m_34,male,34,de-de
databases/tub-age2/age_files/Sebastian/seb14_m_34.wav,0 days 00:00:04.320000,0 days 00:00:07.900000,seb14_m_34,male,34,de-de
databases/tub-age2/age_files/Sebastian/seb14_m_34.wav,0 days 00:00:08.960000,0 days 00:00:12.100000,seb14_m_34,male,34,de-de
databases/tub-age2/age_files/Sebastian/seb14_m_34.wav,0 days 00:00:12.600000,0 days 00:00:17.700000,seb14_m_34,male,34,de-de
databases/tub-age2/age_files/Sebastian/seb14_m_34.wav,0 days 00:00:18.280000,0 days 00:00:21.340000,seb14_m_34,male,34,de-de
databases/tub-age2/age_files/Sebastian/seb14_m_34.wav,0 days 00:00:21.700000,0 days 00:00:24.780000,seb14_m_34,male,34,de-de
databases/tub-age2/age_files/Sebastian/seb15_m_23.wav,0 days 00:00:01.940000,0 days 00:00:04.460000,seb15_m_23,male,23,de-de
databases/tub-age2/age_files/Sebastian/seb15_m_23.wav,0 days 00:00:06.500000,0 days 00:00:08.060000,seb15_m_23,male,23,de-de
databases/tub-age2/age_files/Sebastian/seb15_m_23.wav,0 days 00:00:09.220000,0 days 00:00:10.120000,seb15_m_23,male,23,de-de
databases/tub-age2/age_files/Sebastian/seb15_m_23.wav,0 days 00:00:10.960000,0 days 00:00:12.040000,seb15_m_23,male,23,de-de
databases/tub-age2/age_files/Sebastian/seb15_m_23.wav,0 days 00:00:13.500000,0 days 00:00:16.320000,seb15_m_23,male,23,de-de
databases/tub-age2/age_files/Sebastian/seb15_m_23.wav,0 days 00:00:18.660000,0 days 00:00:20.920000,seb15_m_23,male,23,de-de
databases/tub-age2/age_files/Sebastian/seb15_m_23.wav,0 days 00:00:21.820000,0 days 00:00:23.180000,seb15_m_23,male,23,de-de
databases/tub-age2/age_files/Sebastian/seb16_m_27.wav,0 days 00:00:00.040000,0 days 00:00:02.640000,seb16_m_27,male,27,de-de
databases/tub-age2/age_files/Sebastian/seb16_m_27.wav,0 days 00:00:03.500000,0 days 00:00:10.460000,seb16_m_27,male,27,de-de
databases/tub-age2/age_files/Sebastian/seb16_m_27.wav,0 days 00:00:10.520000,0 days 00:00:11.680000,seb16_m_27,male,27,de-de
databases/tub-age2/age_files/Sebastian/seb16_m_27.wav,0 days 00:00:12.300000,0 days 00:00:18.260000,seb16_m_27,male,27,de-de
databases/tub-age2/age_files/Sebastian/seb16_m_27.wav,0 days 00:00:18.580000,0 days 00:00:20.360000,seb16_m_27,male,27,de-de
databases/tub-age2/age_files/Sebastian/seb17_m_25.wav,0 days 00:00:00,0 days 00:00:02.360000,seb17_m_25,male,25,de-de
databases/tub-age2/age_files/Sebastian/seb17_m_25.wav,0 days 00:00:02.880000,0 days 00:00:03.660000,seb17_m_25,male,25,de-de
databases/tub-age2/age_files/Sebastian/seb17_m_25.wav,0 days 00:00:06.140000,0 days 00:00:10.560000,seb17_m_25,male,25,de-de
databases/tub-age2/age_files/Sebastian/seb17_m_25.wav,0 days 00:00:11.140000,0 days 00:00:13.860000,seb17_m_25,male,25,de-de
databases/tub-age2/age_files/Sebastian/seb17_m_25.wav,0 days 00:00:14.300000,0 days 00:00:16.480000,seb17_m_25,male,25,de-de
databases/tub-age2/age_files/Sebastian/seb17_m_25.wav,0 days 00:00:17.480000,0 days 00:00:19.400000,seb17_m_25,male,25,de-de
databases/tub-age2/age_files/Sebastian/seb17_m_25.wav,0 days 00:00:19.740000,0 days 00:00:22.160000,seb17_m_25,male,25,de-de
databases/tub-age2/age_files/Sebastian/seb17_m_25.wav,0 days 00:00:22.600000,0 days 00:00:24.320000,seb17_m_25,male,25,de-de
databases/tub-age2/age_files/Sebastian/seb17_m_25.wav,0 days 00:00:24.700000,0 days 00:00:26.080000,seb17_m_25,male,25,de-de
databases/tub-age2/age_files/Giulia/giu01_m_31.wav,0 days 00:00:02.060000,0 days 00:00:08.330000,giu01_m_31,male,31,it
databases/tub-age2/age_files/Giulia/giu01_m_31.wav,0 days 00:00:08.420000,0 days 00:00:12.360000,giu01_m_31,male,31,it
databases/tub-age2/age_files/Giulia/giu01_m_31.wav,0 days 00:00:12.640000,0 days 00:00:15.340000,giu01_m_31,male,31,it
databases/tub-age2/age_files/Giulia/giu01_m_31.wav,0 days 00:00:16.620000,0 days 00:00:23.580000,giu01_m_31,male,31,it
databases/tub-age2/age_files/Giulia/giu01_m_31.wav,0 days 00:00:23.640000,0 days 00:00:27.800000,giu01_m_31,male,31,it
databases/tub-age2/age_files/Giulia/giu01_m_31.wav,0 days 00:00:29.260000,0 days 00:00:32.680000,giu01_m_31,male,31,it
databases/tub-age2/age_files/Giulia/giu01_m_31.wav,0 days 00:00:33.380000,0 days 00:00:34.780000,giu01_m_31,male,31,it
databases/tub-age2/age_files/Giulia/giu01_m_31.wav,0 days 00:00:35.480000,0 days 00:00:42.440000,giu01_m_31,male,31,it
databases/tub-age2/age_files/Giulia/giu01_m_31.wav,0 days 00:00:42.500000,0 days 00:00:45.700000,giu01_m_31,male,31,it
databases/tub-age2/age_files/Giulia/giu01_m_31.wav,0 days 00:00:46.300000,0 days 00:00:49.600000,giu01_m_31,male,31,it
databases/tub-age2/age_files/Giulia/giu01_m_31.wav,0 days 00:00:50.360000,0 days 00:00:51.200000,giu01_m_31,male,31,it
databases/tub-age2/age_files/Giulia/giu01_m_31.wav,0 days 00:00:52.260000,0 days 00:00:53.600000,giu01_m_31,male,31,it
databases/tub-age2/age_files/Giulia/giu01_m_31.wav,0 days 00:00:53.920000,0 days 00:00:56.880000,giu01_m_31,male,31,it
databases/tub-age2/age_files/Giulia/giu01_m_31.wav,0 days 00:00:59.700000,0 days 00:01:00.600000,giu01_m_31,male,31,it
databases/tub-age2/age_files/Giulia/giu01_m_31.wav,0 days 00:01:01.080000,0 days 00:01:03.360000,giu01_m_31,male,31,it
databases/tub-age2/age_files/Giulia/giu01_m_31.wav,0 days 00:01:04.860000,0 days 00:01:11.820000,giu01_m_31,male,31,it
databases/tub-age2/age_files/Giulia/giu01_m_31.wav,0 days 00:01:11.880000,0 days 00:01:15.240000,giu01_m_31,male,31,it
databases/tub-age2/age_files/Giulia/giu02_f_29.wav,0 days 00:00:00,0 days 00:00:04.360000,giu02_f_29,female,29,it
databases/tub-age2/age_files/Giulia/giu02_f_29.wav,0 days 00:00:06.240000,0 days 00:00:07.840000,giu02_f_29,female,29,it
databases/tub-age2/age_files/Giulia/giu02_f_29.wav,0 days 00:00:08.300000,0 days 00:00:09.440000,giu02_f_29,female,29,it
databases/tub-age2/age_files/Giulia/giu02_f_29.wav,0 days 00:00:09.960000,0 days 00:00:11.460000,giu02_f_29,female,29,it
databases/tub-age2/age_files/Giulia/giu02_f_29.wav,0 days 00:00:12.240000,0 days 00:00:13.440000,giu02_f_29,female,29,it
databases/tub-age2/age_files/Giulia/giu02_f_29.wav,0 days 00:00:15.740000,0 days 00:00:20.460000,giu02_f_29,female,29,it
databases/tub-age2/age_files/Giulia/giu02_f_29.wav,0 days 00:00:21.620000,0 days 00:00:22.600000,giu02_f_29,female,29,it
databases/tub-age2/age_files/Giulia/giu02_f_29.wav,0 days 00:00:23.300000,0 days 00:00:27.100000,giu02_f_29,female,29,it
databases/tub-age2/age_files/Giulia/giu02_f_29.wav,0 days 00:00:27.600000,0 days 00:00:28.840000,giu02_f_29,female,29,it
databases/tub-age2/age_files/Giulia/giu02_f_29.wav,0 days 00:00:29.200000,0 days 00:00:34.880000,giu02_f_29,female,29,it
databases/tub-age2/age_files/Giulia/giu02_f_29.wav,0 days 00:00:36.460000,0 days 00:00:37.440000,giu02_f_29,female,29,it
databases/tub-age2/age_files/Giulia/giu02_f_29.wav,0 days 00:00:37.920000,0 days 00:00:39.880000,giu02_f_29,female,29,it
databases/tub-age2/age_files/Giulia/giu02_f_29.wav,0 days 00:00:40.140000,0 days 00:00:41.260000,giu02_f_29,female,29,it
databases/tub-age2/age_files/Giulia/giu02_f_29.wav,0 days 00:00:41.700000,0 days 00:00:42.740000,giu02_f_29,female,29,it
databases/tub-age2/age_files/Giulia/giu02_f_29.wav,0 days 00:00:44.180000,0 days 00:00:44.960000,giu02_f_29,female,29,it
databases/tub-age2/age_files/Giulia/giu02_f_29.wav,0 days 00:00:46.740000,0 days 00:00:53.700000,giu02_f_29,female,29,it
databases/tub-age2/age_files/Giulia/giu03_f_37.wav,0 days 00:00:00.620000,0 days 00:00:03.860000,giu03_f_37,female,37,it
databases/tub-age2/age_files/Giulia/giu03_f_37.wav,0 days 00:00:04.440000,0 days 00:00:06.020000,giu03_f_37,female,37,it
databases/tub-age2/age_files/Giulia/giu03_f_37.wav,0 days 00:00:07.340000,0 days 00:00:08.620000,giu03_f_37,female,37,it
databases/tub-age2/age_files/Giulia/giu03_f_37.wav,0 days 00:00:09.160000,0 days 00:00:14.420000,giu03_f_37,female,37,it
databases/tub-age2/age_files/Giulia/giu03_f_37.wav,0 days 00:00:15.160000,0 days 00:00:19.880000,giu03_f_37,female,37,it
databases/tub-age2/age_files/Giulia/giu03_f_37.wav,0 days 00:00:20.280000,0 days 00:00:23.720000,giu03_f_37,female,37,it
databases/tub-age2/age_files/Giulia/giu03_f_37.wav,0 days 00:00:24.500000,0 days 00:00:31.460000,giu03_f_37,female,37,it
databases/tub-age2/age_files/Giulia/giu03_f_37.wav,0 days 00:00:31.520000,0 days 00:00:33.700000,giu03_f_37,female,37,it
databases/tub-age2/age_files/Giulia/giu03_f_37.wav,0 days 00:00:34.220000,0 days 00:00:38.560000,giu03_f_37,female,37,it
databases/tub-age2/age_files/Giulia/giu03_f_37.wav,0 days 00:00:38.920000,0 days 00:00:44.880000,giu03_f_37,female,37,it
databases/tub-age2/age_files/Giulia/giu04_m_57.wav,0 days 00:00:01.580000,0 days 00:00:07.650000,giu04_m_57,male,57,it
databases/tub-age2/age_files/Giulia/giu04_m_57.wav,0 days 00:00:08.980000,0 days 00:00:12,giu04_m_57,male,57,it
databases/tub-age2/age_files/Giulia/giu04_m_57.wav,0 days 00:00:13.080000,0 days 00:00:16.640000,giu04_m_57,male,57,it
databases/tub-age2/age_files/Giulia/giu04_m_57.wav,0 days 00:00:18.060000,0 days 00:00:19.720000,giu04_m_57,male,57,it
databases/tub-age2/age_files/Giulia/giu04_m_57.wav,0 days 00:00:20.240000,0 days 00:00:24.860000,giu04_m_57,male,57,it
databases/tub-age2/age_files/Giulia/giu05_m_30.wav,0 days 00:00:00.860000,0 days 00:00:02.980000,giu05_m_30,male,30,de-de
databases/tub-age2/age_files/Giulia/giu05_m_30.wav,0 days 00:00:03.320000,0 days 00:00:04.280000,giu05_m_30,male,30,de-de
databases/tub-age2/age_files/Giulia/giu05_m_30.wav,0 days 00:00:04.780000,0 days 00:00:05.620000,giu05_m_30,male,30,de-de
databases/tub-age2/age_files/Giulia/giu05_m_30.wav,0 days 00:00:08.260000,0 days 00:00:10.620000,giu05_m_30,male,30,de-de
databases/tub-age2/age_files/Giulia/giu05_m_30.wav,0 days 00:00:11.240000,0 days 00:00:14.020000,giu05_m_30,male,30,de-de
databases/tub-age2/age_files/Giulia/giu05_m_30.wav,0 days 00:00:15.180000,0 days 00:00:17.100000,giu05_m_30,male,30,de-de
databases/tub-age2/age_files/Giulia/giu05_m_30.wav,0 days 00:00:17.640000,0 days 00:00:20.360000,giu05_m_30,male,30,de-de
databases/tub-age2/age_files/Giulia/giu05_m_30.wav,0 days 00:00:22.340000,0 days 00:00:23.880000,giu05_m_30,male,30,de-de
databases/tub-age2/age_files/Giulia/giu06_m_32.wav,0 days 00:00:00.820000,0 days 00:00:03.840000,giu06_m_32,male,32,it
databases/tub-age2/age_files/Giulia/giu06_m_32.wav,0 days 00:00:04.540000,0 days 00:00:11.500000,giu06_m_32,male,32,it
databases/tub-age2/age_files/Giulia/giu06_m_32.wav,0 days 00:00:13,0 days 00:00:16.340000,giu06_m_32,male,32,it
databases/tub-age2/age_files/Giulia/giu06_m_32.wav,0 days 00:00:16.800000,0 days 00:00:20.960000,giu06_m_32,male,32,it
databases/tub-age2/age_files/Giulia/giu06_m_32.wav,0 days 00:00:22.200000,0 days 00:00:27.940000,giu06_m_32,male,32,it
databases/tub-age2/age_files/Giulia/giu06_m_32.wav,0 days 00:00:28.340000,0 days 00:00:34.410000,giu06_m_32,male,32,it
databases/tub-age2/age_files/Giulia/giu06_m_32.wav,0 days 00:00:35.220000,0 days 00:00:37.880000,giu06_m_32,male,32,it
databases/tub-age2/age_files/Giulia/giu06_m_32.wav,0 days 00:00:40.220000,0 days 00:00:46.550000,giu06_m_32,male,32,it
databases/tub-age2/age_files/Giulia/giu06_m_32.wav,0 days 00:00:47.320000,0 days 00:00:49.280000,giu06_m_32,male,32,it
databases/tub-age2/age_files/Giulia/giu07_m_23.wav,0 days 00:00:02.500000,0 days 00:00:08.460000,giu07_m_23,male,23,de-de
databases/tub-age2/age_files/Giulia/giu07_m_23.wav,0 days 00:00:08.600000,0 days 00:00:11.320000,giu07_m_23,male,23,de-de
databases/tub-age2/age_files/Giulia/giu07_m_23.wav,0 days 00:00:12.060000,0 days 00:00:14.920000,giu07_m_23,male,23,de-de
databases/tub-age2/age_files/Giulia/giu07_m_23.wav,0 days 00:00:15.180000,0 days 00:00:16.440000,giu07_m_23,male,23,de-de
databases/tub-age2/age_files/Giulia/giu07_m_23.wav,0 days 00:00:17.260000,0 days 00:00:19.980000,giu07_m_23,male,23,de-de
databases/tub-age2/age_files/Giulia/giu07_m_23.wav,0 days 00:00:20.340000,0 days 00:00:22.680000,giu07_m_23,male,23,de-de
databases/tub-age2/age_files/Giulia/giu07_m_23.wav,0 days 00:00:23.380000,0 days 00:00:25.660000,giu07_m_23,male,23,de-de
databases/tub-age2/age_files/Giulia/giu07_m_23.wav,0 days 00:00:26.040000,0 days 00:00:29.100000,giu07_m_23,male,23,de-de
databases/tub-age2/age_files/Giulia/giu07_m_23.wav,0 days 00:00:30.960000,0 days 00:00:32.120000,giu07_m_23,male,23,de-de
databases/tub-age2/age_files/Giulia/giu07_m_23.wav,0 days 00:00:32.480000,0 days 00:00:34.100000,giu07_m_23,male,23,de-de
databases/tub-age2/age_files/Giulia/giu07_m_23.wav,0 days 00:00:35.740000,0 days 00:00:38.460000,giu07_m_23,male,23,de-de
databases/tub-age2/age_files/Giulia/giu07_m_23.wav,0 days 00:00:39.860000,0 days 00:00:43.960000,giu07_m_23,male,23,de-de
databases/tub-age2/age_files/Giulia/giu07_m_23.wav,0 days 00:00:44.380000,0 days 00:00:47.180000,giu07_m_23,male,23,de-de
databases/tub-age2/age_files/Giulia/giu07_m_23.wav,0 days 00:00:47.560000,0 days 00:00:48.720000,giu07_m_23,male,23,de-de
databases/tub-age2/age_files/Giulia/giu07_m_23.wav,0 days 00:00:49.580000,0 days 00:00:51.160000,giu07_m_23,male,23,de-de
databases/tub-age2/age_files/Giulia/giu07_m_23.wav,0 days 00:00:52.820000,0 days 00:00:53.880000,giu07_m_23,male,23,de-de
databases/tub-age2/age_files/Giulia/giu08_f_60.wav,0 days 00:00:00.980000,0 days 00:00:04.480000,giu08_f_60,female,60,de-de
databases/tub-age2/age_files/Giulia/giu08_f_60.wav,0 days 00:00:05.600000,0 days 00:00:09.860000,giu08_f_60,female,60,de-de
databases/tub-age2/age_files/Giulia/giu08_f_60.wav,0 days 00:00:10.180000,0 days 00:00:14.640000,giu08_f_60,female,60,de-de
databases/tub-age2/age_files/Giulia/giu08_f_60.wav,0 days 00:00:15.360000,0 days 00:00:16.400000,giu08_f_60,female,60,de-de
databases/tub-age2/age_files/Giulia/giu08_f_60.wav,0 days 00:00:16.660000,0 days 00:00:19.420000,giu08_f_60,female,60,de-de
databases/tub-age2/age_files/Giulia/giu08_f_60.wav,0 days 00:00:19.820000,0 days 00:00:22.840000,giu08_f_60,female,60,de-de
databases/tub-age2/age_files/Giulia/giu08_f_60.wav,0 days 00:00:23.600000,0 days 00:00:26.780000,giu08_f_60,female,60,de-de
databases/tub-age2/age_files/Giulia/giu08_f_60.wav,0 days 00:00:27.060000,0 days 00:00:30.100000,giu08_f_60,female,60,de-de
databases/tub-age2/age_files/Giulia/giu08_f_60.wav,0 days 00:00:31.160000,0 days 00:00:33.200000,giu08_f_60,female,60,de-de
databases/tub-age2/age_files/Giulia/giu08_f_60.wav,0 days 00:00:34.060000,0 days 00:00:41.020000,giu08_f_60,female,60,de-de
databases/tub-age2/age_files/Giulia/giu08_f_60.wav,0 days 00:00:41.960000,0 days 00:00:43.840000,giu08_f_60,female,60,de-de
databases/tub-age2/age_files/Giulia/giu08_f_60.wav,0 days 00:00:44.140000,0 days 00:00:46.500000,giu08_f_60,female,60,de-de
databases/tub-age2/age_files/Giulia/giu08_f_60.wav,0 days 00:00:48.720000,0 days 00:00:50.480000,giu08_f_60,female,60,de-de
databases/tub-age2/age_files/Giulia/giu08_f_60.wav,0 days 00:00:51.320000,0 days 00:00:53.040000,giu08_f_60,female,60,de-de
databases/tub-age2/age_files/Giulia/giu08_f_60.wav,0 days 00:00:54.520000,0 days 00:00:55.660000,giu08_f_60,female,60,de-de
databases/tub-age2/age_files/Giulia/giu08_f_60.wav,0 days 00:00:56,0 days 00:00:57.260000,giu08_f_60,female,60,de-de
databases/tub-age2/age_files/Giulia/giu08_f_60.wav,0 days 00:00:57.980000,0 days 00:01:00.520000,giu08_f_60,female,60,de-de
databases/tub-age2/age_files/Giulia/giu08_f_60.wav,0 days 00:01:00.940000,0 days 00:01:03.200000,giu08_f_60,female,60,de-de
databases/tub-age2/age_files/Giulia/giu08_f_60.wav,0 days 00:01:05.240000,0 days 00:01:07.520000,giu08_f_60,female,60,de-de
databases/tub-age2/age_files/Giulia/giu08_f_60.wav,0 days 00:01:07.880000,0 days 00:01:10.940000,giu08_f_60,female,60,de-de
databases/tub-age2/age_files/Giulia/giu09_m_40.wav,0 days 00:00:02.040000,0 days 00:00:02.840000,giu09_m_40,male,40,it
databases/tub-age2/age_files/Giulia/giu09_m_40.wav,0 days 00:00:03.840000,0 days 00:00:04.660000,giu09_m_40,male,40,it
databases/tub-age2/age_files/Giulia/giu09_m_40.wav,0 days 00:00:04.940000,0 days 00:00:06.940000,giu09_m_40,male,40,it
databases/tub-age2/age_files/Giulia/giu09_m_40.wav,0 days 00:00:07.640000,0 days 00:00:10.040000,giu09_m_40,male,40,it
databases/tub-age2/age_files/Giulia/giu09_m_40.wav,0 days 00:00:10.580000,0 days 00:00:13.660000,giu09_m_40,male,40,it
databases/tub-age2/age_files/Giulia/giu09_m_40.wav,0 days 00:00:15,0 days 00:00:15.840000,giu09_m_40,male,40,it
databases/tub-age2/age_files/Giulia/giu09_m_40.wav,0 days 00:00:17.020000,0 days 00:00:18.080000,giu09_m_40,male,40,it
databases/tub-age2/age_files/Giulia/giu09_m_40.wav,0 days 00:00:20.400000,0 days 00:00:23.160000,giu09_m_40,male,40,it
databases/tub-age2/age_files/Giulia/giu09_m_40.wav,0 days 00:00:25.080000,0 days 00:00:27.460000,giu09_m_40,male,40,it
databases/tub-age2/age_files/Giulia/giu09_m_40.wav,0 days 00:00:29.020000,0 days 00:00:30.220000,giu09_m_40,male,40,it
databases/tub-age2/age_files/Giulia/giu09_m_40.wav,0 days 00:00:31.680000,0 days 00:00:32.620000,giu09_m_40,male,40,it
databases/tub-age2/age_files/Giulia/giu09_m_40.wav,0 days 00:00:34.420000,0 days 00:00:36.860000,giu09_m_40,male,40,it
databases/tub-age2/age_files/Giulia/giu10_f_35.wav,0 days 00:00:01.040000,0 days 00:00:02.580000,giu10_f_35,female,35,it
databases/tub-age2/age_files/Giulia/giu10_f_35.wav,0 days 00:00:04.620000,0 days 00:00:08.260000,giu10_f_35,female,35,it
databases/tub-age2/age_files/Giulia/giu10_f_35.wav,0 days 00:00:10.280000,0 days 00:00:17.240000,giu10_f_35,female,35,it
databases/tub-age2/age_files/Giulia/giu10_f_35.wav,0 days 00:00:17.480000,0 days 00:00:20.600000,giu10_f_35,female,35,it
databases/tub-age2/age_files/Giulia/giu10_f_35.wav,0 days 00:00:21.220000,0 days 00:00:27.370000,giu10_f_35,female,35,it
databases/tub-age2/age_files/Giulia/giu10_f_35.wav,0 days 00:00:27.880000,0 days 00:00:32.280000,giu10_f_35,female,35,it
databases/tub-age2/age_files/Giulia/giu10_f_35.wav,0 days 00:00:32.760000,0 days 00:00:37.380000,giu10_f_35,female,35,it
databases/tub-age2/age_files/Giulia/giu10_f_35.wav,0 days 00:00:37.800000,0 days 00:00:40.600000,giu10_f_35,female,35,it
databases/tub-age2/age_files/Giulia/giu10_f_35.wav,0 days 00:00:41.680000,0 days 00:00:43.700000,giu10_f_35,female,35,it
databases/tub-age2/age_files/Giulia/giu10_f_35.wav,0 days 00:00:43.960000,0 days 00:00:45.160000,giu10_f_35,female,35,it
databases/tub-age2/age_files/Giulia/giu10_f_35.wav,0 days 00:00:45.760000,0 days 00:00:46.980000,giu10_f_35,female,35,it
databases/tub-age2/age_files/Giulia/giu10_f_35.wav,0 days 00:00:47.260000,0 days 00:00:48.100000,giu10_f_35,female,35,it
databases/tub-age2/age_files/Giulia/giu10_f_35.wav,0 days 00:00:48.680000,0 days 00:00:51.100000,giu10_f_35,female,35,it
databases/tub-age2/age_files/Giulia/giu10_f_35.wav,0 days 00:00:51.560000,0 days 00:00:52.800000,giu10_f_35,female,35,it
databases/tub-age2/age_files/Giulia/giu11_m_29.wav,0 days 00:00:01.120000,0 days 00:00:04.860000,giu11_m_29,male,29,de-de
databases/tub-age2/age_files/Giulia/giu11_m_29.wav,0 days 00:00:05.540000,0 days 00:00:10.580000,giu11_m_29,male,29,de-de
databases/tub-age2/age_files/Giulia/giu11_m_29.wav,0 days 00:00:11.100000,0 days 00:00:14.480000,giu11_m_29,male,29,de-de
databases/tub-age2/age_files/Giulia/giu11_m_29.wav,0 days 00:00:15.200000,0 days 00:00:19.500000,giu11_m_29,male,29,de-de
databases/tub-age2/age_files/Giulia/giu11_m_29.wav,0 days 00:00:19.980000,0 days 00:00:23.680000,giu11_m_29,male,29,de-de
databases/tub-age2/age_files/Giulia/giu11_m_29.wav,0 days 00:00:24.020000,0 days 00:00:29.360000,giu11_m_29,male,29,de-de
databases/tub-age2/age_files/Giulia/giu11_m_29.wav,0 days 00:00:29.820000,0 days 00:00:34.640000,giu11_m_29,male,29,de-de
databases/tub-age2/age_files/Giulia/giu11_m_29.wav,0 days 00:00:35.120000,0 days 00:00:36.100000,giu11_m_29,male,29,de-de
databases/tub-age2/age_files/Giulia/giu11_m_29.wav,0 days 00:00:36.400000,0 days 00:00:37.380000,giu11_m_29,male,29,de-de
databases/tub-age2/age_files/Giulia/giu11_m_29.wav,0 days 00:00:37.780000,0 days 00:00:40.120000,giu11_m_29,male,29,de-de
databases/tub-age2/age_files/Giulia/giu11_m_29.wav,0 days 00:00:42.500000,0 days 00:00:43.760000,giu11_m_29,male,29,de-de
databases/tub-age2/age_files/Giulia/giu11_m_29.wav,0 days 00:00:44.200000,0 days 00:00:45.980000,giu11_m_29,male,29,de-de
databases/tub-age2/age_files/Giulia/giu11_m_29.wav,0 days 00:00:46.340000,0 days 00:00:47.920000,giu11_m_29,male,29,de-de
databases/tub-age2/age_files/Giulia/giu12_m_32.wav,0 days 00:00:01.040000,0 days 00:00:04.820000,giu12_m_32,male,32,it
databases/tub-age2/age_files/Giulia/giu12_m_32.wav,0 days 00:00:05.580000,0 days 00:00:12.130000,giu12_m_32,male,32,it
databases/tub-age2/age_files/Giulia/giu12_m_32.wav,0 days 00:00:12.800000,0 days 00:00:17.200000,giu12_m_32,male,32,it
databases/tub-age2/age_files/Giulia/giu12_m_32.wav,0 days 00:00:18.120000,0 days 00:00:23.120000,giu12_m_32,male,32,it
databases/tub-age2/age_files/Giulia/giu12_m_32.wav,0 days 00:00:23.740000,0 days 00:00:27.080000,giu12_m_32,male,32,it
databases/tub-age2/age_files/Giulia/giu12_m_32.wav,0 days 00:00:27.500000,0 days 00:00:31.700000,giu12_m_32,male,32,it
databases/tub-age2/age_files/Giulia/giu12_m_32.wav,0 days 00:00:32.580000,0 days 00:00:35.100000,giu12_m_32,male,32,it
databases/tub-age2/age_files/Giulia/giu12_m_32.wav,0 days 00:00:35.600000,0 days 00:00:41.630000,giu12_m_32,male,32,it
databases/tub-age2/age_files/Giulia/giu12_m_32.wav,0 days 00:00:42.080000,0 days 00:00:46.460000,giu12_m_32,male,32,it
databases/tub-age2/age_files/Giulia/giu12_m_32.wav,0 days 00:00:47.180000,0 days 00:00:48.540000,giu12_m_32,male,32,it
databases/tub-age2/age_files/Giulia/giu12_m_32.wav,0 days 00:00:49.160000,0 days 00:00:51.580000,giu12_m_32,male,32,it
databases/tub-age2/age_files/Giulia/giu12_m_32.wav,0 days 00:00:52.100000,0 days 00:00:53.720000,giu12_m_32,male,32,it
databases/tub-age2/age_files/Giulia/giu12_m_32.wav,0 days 00:00:54.420000,0 days 00:00:55.680000,giu12_m_32,male,32,it
databases/tub-age2/age_files/Giulia/giu12_m_32.wav,0 days 00:00:56.260000,0 days 00:01:02.220000,giu12_m_32,male,32,it
databases/tub-age2/age_files/Giulia/giu12_m_32.wav,0 days 00:01:02.980000,0 days 00:01:05.800000,giu12_m_32,male,32,it
databases/tub-age2/age_files/Giulia/giu13_m_3.wav,0 days 00:00:00.880000,0 days 00:00:07.150000,giu13_m_3,male,3,eng
databases/tub-age2/age_files/Giulia/giu13_m_3.wav,0 days 00:00:07.540000,0 days 00:00:14.500000,giu13_m_3,male,3,eng
databases/tub-age2/age_files/Giulia/giu13_m_3.wav,0 days 00:00:14.560000,0 days 00:00:19.140000,giu13_m_3,male,3,eng
databases/tub-age2/age_files/Giulia/giu13_m_3.wav,0 days 00:00:19.940000,0 days 00:00:25.120000,giu13_m_3,male,3,eng
databases/tub-age2/age_files/Giulia/giu13_m_3.wav,0 days 00:00:25.400000,0 days 00:00:32.360000,giu13_m_3,male,3,eng
databases/tub-age2/age_files/Giulia/giu13_m_3.wav,0 days 00:00:33.300000,0 days 00:00:40.260000,giu13_m_3,male,3,eng
databases/tub-age2/age_files/Giulia/giu13_m_3.wav,0 days 00:00:40.320000,0 days 00:00:41.420000,giu13_m_3,male,3,eng
databases/tub-age2/age_files/Giulia/giu13_m_3.wav,0 days 00:00:42.240000,0 days 00:00:43.120000,giu13_m_3,male,3,eng
databases/tub-age2/age_files/Giulia/giu13_m_3.wav,0 days 00:00:00.880000,0 days 00:00:07.150000,giu13_m_3,male,3,eng
databases/tub-age2/age_files/Giulia/giu13_m_3.wav,0 days 00:00:07.540000,0 days 00:00:14.500000,giu13_m_3,male,3,eng
databases/tub-age2/age_files/Giulia/giu13_m_3.wav,0 days 00:00:14.560000,0 days 00:00:19.140000,giu13_m_3,male,3,eng
databases/tub-age2/age_files/Giulia/giu13_m_3.wav,0 days 00:00:19.940000,0 days 00:00:25.140000,giu13_m_3,male,3,eng
databases/tub-age2/age_files/Giulia/giu13_m_3.wav,0 days 00:00:25.400000,0 days 00:00:32.360000,giu13_m_3,male,3,eng
databases/tub-age2/age_files/Giulia/giu13_m_3.wav,0 days 00:00:33.300000,0 days 00:00:40.260000,giu13_m_3,male,3,eng
databases/tub-age2/age_files/Giulia/giu13_m_3.wav,0 days 00:00:40.320000,0 days 00:00:41.420000,giu13_m_3,male,3,eng
databases/tub-age2/age_files/Giulia/giu13_m_3.wav,0 days 00:00:42.240000,0 days 00:00:43.120000,giu13_m_3,male,3,eng
databases/tub-age2/age_files/Giulia/giu14_f_5.wav,0 days 00:00:00.220000,0 days 00:00:01.080000,giu14_f_5,female,5,eng
databases/tub-age2/age_files/Giulia/giu14_f_5.wav,0 days 00:00:01.700000,0 days 00:00:02.680000,giu14_f_5,female,5,eng
databases/tub-age2/age_files/Giulia/giu14_f_5.wav,0 days 00:00:04.240000,0 days 00:00:05.020000,giu14_f_5,female,5,eng
databases/tub-age2/age_files/Giulia/giu14_f_5.wav,0 days 00:00:05.540000,0 days 00:00:07.660000,giu14_f_5,female,5,eng
databases/tub-age2/age_files/Giulia/giu14_f_5.wav,0 days 00:00:07.980000,0 days 00:00:09.840000,giu14_f_5,female,5,eng
databases/tub-age2/age_files/Giulia/giu14_f_5.wav,0 days 00:00:10.580000,0 days 00:00:15.460000,giu14_f_5,female,5,eng
databases/tub-age2/age_files/Giulia/giu14_f_5.wav,0 days 00:00:15.940000,0 days 00:00:18.780000,giu14_f_5,female,5,eng
databases/tub-age2/age_files/Giulia/giu14_f_5.wav,0 days 00:00:19.140000,0 days 00:00:23.200000,giu14_f_5,female,5,eng
databases/tub-age2/age_files/Giulia/giu14_f_5.wav,0 days 00:00:23.840000,0 days 00:00:25.120000,giu14_f_5,female,5,eng
databases/tub-age2/age_files/Giulia/giu14_f_5.wav,0 days 00:00:25.380000,0 days 00:00:30.700000,giu14_f_5,female,5,eng
databases/tub-age2/age_files/Giulia/giu14_f_5.wav,0 days 00:00:31.340000,0 days 00:00:32.660000,giu14_f_5,female,5,eng
databases/tub-age2/age_files/Giulia/giu14_f_5.wav,0 days 00:00:33.660000,0 days 00:00:35.220000,giu14_f_5,female,5,eng
databases/tub-age2/age_files/Giulia/giu14_f_5.wav,0 days 00:00:36.480000,0 days 00:00:39.160000,giu14_f_5,female,5,eng
databases/tub-age2/age_files/Giulia/giu14_f_5.wav,0 days 00:00:40.600000,0 days 00:00:42.500000,giu14_f_5,female,5,eng
databases/tub-age2/age_files/Giulia/giu14_f_5.wav,0 days 00:00:43.180000,0 days 00:00:44.720000,giu14_f_5,female,5,eng
databases/tub-age2/age_files/Giulia/giu14_f_5.wav,0 days 00:00:45.560000,0 days 00:00:48.140000,giu14_f_5,female,5,eng
databases/tub-age2/age_files/Giulia/giu14_f_5.wav,0 days 00:00:49.200000,0 days 00:00:50.440000,giu14_f_5,female,5,eng
databases/tub-age2/age_files/Giulia/giu14_f_5.wav,0 days 00:00:50.880000,0 days 00:00:52.920000,giu14_f_5,female,5,eng
databases/tub-age2/age_files/Giulia/giu14_f_5.wav,0 days 00:00:53.540000,0 days 00:00:55,giu14_f_5,female,5,eng
databases/tub-age2/age_files/Giulia/giu14_f_5.wav,0 days 00:00:55.280000,0 days 00:00:56.860000,giu14_f_5,female,5,eng
databases/tub-age2/age_files/Giulia/giu14_f_5.wav,0 days 00:00:57.840000,0 days 00:00:59.460000,giu14_f_5,female,5,eng
databases/tub-age2/age_files/Giulia/giu14_f_5.wav,0 days 00:01:00.480000,0 days 00:01:02.620000,giu14_f_5,female,5,eng
databases/tub-age2/age_files/Giulia/giu14_f_5.wav,0 days 00:01:03.140000,0 days 00:01:06.380000,giu14_f_5,female,5,eng
databases/tub-age2/age_files/Giulia/giu14_f_5.wav,0 days 00:01:06.740000,0 days 00:01:08.180000,giu14_f_5,female,5,eng
databases/tub-age2/age_files/Giulia/giu14_f_5.wav,0 days 00:01:08.660000,0 days 00:01:09.520000,giu14_f_5,female,5,eng
databases/tub-age2/age_files/Giulia/giu14_f_5.wav,0 days 00:01:10.140000,0 days 00:01:11.780000,giu14_f_5,female,5,eng
databases/tub-age2/age_files/Giulia/giu14_f_5.wav,0 days 00:01:12.160000,0 days 00:01:14.780000,giu14_f_5,female,5,eng
databases/tub-age2/age_files/Giulia/giu14_f_5.wav,0 days 00:01:15.620000,0 days 00:01:19.300000,giu14_f_5,female,5,eng
databases/tub-age2/age_files/Giulia/giu14_f_5.wav,0 days 00:01:19.660000,0 days 00:01:20.660000,giu14_f_5,female,5,eng
databases/tub-age2/age_files/Giulia/giu14_f_5.wav,0 days 00:01:21.120000,0 days 00:01:24.360000,giu14_f_5,female,5,eng
databases/tub-age2/age_files/Giulia/giu14_f_5.wav,0 days 00:01:25.140000,0 days 00:01:26.180000,giu14_f_5,female,5,eng
databases/tub-age2/age_files/Giulia/giu14_f_5.wav,0 days 00:01:27.700000,0 days 00:01:30.100000,giu14_f_5,female,5,eng
databases/tub-age2/age_files/Giulia/giu14_f_5.wav,0 days 00:01:31.740000,0 days 00:01:32.500000,giu14_f_5,female,5,eng
databases/tub-age2/age_files/Giulia/giu14_f_5.wav,0 days 00:01:33.160000,0 days 00:01:34.200000,giu14_f_5,female,5,eng
databases/tub-age2/age_files/Giulia/giu14_f_5.wav,0 days 00:01:34.980000,0 days 00:01:36.440000,giu14_f_5,female,5,eng
databases/tub-age2/age_files/Giulia/giu14_f_5.wav,0 days 00:01:38.020000,0 days 00:01:39.600000,giu14_f_5,female,5,eng
databases/tub-age2/age_files/Giulia/giu14_f_5.wav,0 days 00:01:40.060000,0 days 00:01:43.480000,giu14_f_5,female,5,eng
databases/tub-age2/age_files/Giulia/giu14_f_5.wav,0 days 00:01:45.720000,0 days 00:01:48.400000,giu14_f_5,female,5,eng
databases/tub-age2/age_files/Giulia/giu14_f_5.wav,0 days 00:01:48.880000,0 days 00:01:51.220000,giu14_f_5,female,5,eng
databases/tub-age2/age_files/Giulia/giu14_f_5.wav,0 days 00:01:51.580000,0 days 00:01:53.680000,giu14_f_5,female,5,eng
databases/tub-age2/age_files/Giulia/giu14_f_5.wav,0 days 00:01:55.240000,0 days 00:01:57.940000,giu14_f_5,female,5,eng
databases/tub-age2/age_files/Giulia/giu14_f_5.wav,0 days 00:02:01.900000,0 days 00:02:04.560000,giu14_f_5,female,5,eng
databases/tub-age2/age_files/Giulia/giu14_f_5.wav,0 days 00:02:05.500000,0 days 00:02:06.580000,giu14_f_5,female,5,eng
databases/tub-age2/age_files/Giulia/giu14_f_5.wav,0 days 00:02:07.780000,0 days 00:02:09.700000,giu14_f_5,female,5,eng
databases/tub-age2/age_files/Giulia/giu14_f_5.wav,0 days 00:02:10.140000,0 days 00:02:12.580000,giu14_f_5,female,5,eng
databases/tub-age2/age_files/Giulia/giu14_f_5.wav,0 days 00:02:13.320000,0 days 00:02:16.360000,giu14_f_5,female,5,eng
databases/tub-age2/age_files/Giulia/giu14_f_5.wav,0 days 00:02:18.540000,0 days 00:02:21.500000,giu14_f_5,female,5,eng
databases/tub-age2/age_files/Giulia/giu14_f_5.wav,0 days 00:02:24.020000,0 days 00:02:25.240000,giu14_f_5,female,5,eng
databases/tub-age2/age_files/Giulia/giu14_f_5.wav,0 days 00:02:28.360000,0 days 00:02:29.200000,giu14_f_5,female,5,eng
databases/tub-age2/age_files/Giulia/giu14_f_5.wav,0 days 00:02:29.900000,0 days 00:02:31.040000,giu14_f_5,female,5,eng
databases/tub-age2/age_files/Giulia/giu14_f_5.wav,0 days 00:02:31.400000,0 days 00:02:33.420000,giu14_f_5,female,5,eng
databases/tub-age2/age_files/Giulia/giu14_f_5.wav,0 days 00:00:00.220000,0 days 00:00:01.080000,giu14_f_5,female,5,eng
databases/tub-age2/age_files/Giulia/giu14_f_5.wav,0 days 00:00:01.700000,0 days 00:00:02.680000,giu14_f_5,female,5,eng
databases/tub-age2/age_files/Giulia/giu14_f_5.wav,0 days 00:00:04.240000,0 days 00:00:05.020000,giu14_f_5,female,5,eng
databases/tub-age2/age_files/Giulia/giu14_f_5.wav,0 days 00:00:05.540000,0 days 00:00:07.660000,giu14_f_5,female,5,eng
databases/tub-age2/age_files/Giulia/giu14_f_5.wav,0 days 00:00:07.980000,0 days 00:00:09.840000,giu14_f_5,female,5,eng
databases/tub-age2/age_files/Giulia/giu14_f_5.wav,0 days 00:00:10.580000,0 days 00:00:15.460000,giu14_f_5,female,5,eng
databases/tub-age2/age_files/Giulia/giu14_f_5.wav,0 days 00:00:15.940000,0 days 00:00:18.780000,giu14_f_5,female,5,eng
databases/tub-age2/age_files/Giulia/giu14_f_5.wav,0 days 00:00:19.140000,0 days 00:00:23.200000,giu14_f_5,female,5,eng
databases/tub-age2/age_files/Giulia/giu14_f_5.wav,0 days 00:00:23.840000,0 days 00:00:25.120000,giu14_f_5,female,5,eng
databases/tub-age2/age_files/Giulia/giu14_f_5.wav,0 days 00:00:25.380000,0 days 00:00:30.700000,giu14_f_5,female,5,eng
databases/tub-age2/age_files/Giulia/giu14_f_5.wav,0 days 00:00:31.340000,0 days 00:00:32.660000,giu14_f_5,female,5,eng
databases/tub-age2/age_files/Giulia/giu14_f_5.wav,0 days 00:00:33.660000,0 days 00:00:35.220000,giu14_f_5,female,5,eng
databases/tub-age2/age_files/Giulia/giu14_f_5.wav,0 days 00:00:36.480000,0 days 00:00:39.160000,giu14_f_5,female,5,eng
databases/tub-age2/age_files/Giulia/giu14_f_5.wav,0 days 00:00:40.600000,0 days 00:00:42.500000,giu14_f_5,female,5,eng
databases/tub-age2/age_files/Giulia/giu14_f_5.wav,0 days 00:00:43.180000,0 days 00:00:44.720000,giu14_f_5,female,5,eng
databases/tub-age2/age_files/Giulia/giu14_f_5.wav,0 days 00:00:45.560000,0 days 00:00:48.140000,giu14_f_5,female,5,eng
databases/tub-age2/age_files/Giulia/giu14_f_5.wav,0 days 00:00:49.200000,0 days 00:00:50.440000,giu14_f_5,female,5,eng
databases/tub-age2/age_files/Giulia/giu14_f_5.wav,0 days 00:00:50.880000,0 days 00:00:52.920000,giu14_f_5,female,5,eng
databases/tub-age2/age_files/Giulia/giu14_f_5.wav,0 days 00:00:53.540000,0 days 00:00:55,giu14_f_5,female,5,eng
databases/tub-age2/age_files/Giulia/giu14_f_5.wav,0 days 00:00:55.280000,0 days 00:00:56.860000,giu14_f_5,female,5,eng
databases/tub-age2/age_files/Giulia/giu14_f_5.wav,0 days 00:00:57.840000,0 days 00:00:59.460000,giu14_f_5,female,5,eng
databases/tub-age2/age_files/Giulia/giu14_f_5.wav,0 days 00:01:00.480000,0 days 00:01:02.620000,giu14_f_5,female,5,eng
databases/tub-age2/age_files/Giulia/giu14_f_5.wav,0 days 00:01:03.140000,0 days 00:01:06.380000,giu14_f_5,female,5,eng
databases/tub-age2/age_files/Giulia/giu14_f_5.wav,0 days 00:01:06.740000,0 days 00:01:08.180000,giu14_f_5,female,5,eng
databases/tub-age2/age_files/Giulia/giu14_f_5.wav,0 days 00:01:08.660000,0 days 00:01:09.520000,giu14_f_5,female,5,eng
databases/tub-age2/age_files/Giulia/giu14_f_5.wav,0 days 00:01:10.140000,0 days 00:01:11.780000,giu14_f_5,female,5,eng
databases/tub-age2/age_files/Giulia/giu14_f_5.wav,0 days 00:01:12.160000,0 days 00:01:14.780000,giu14_f_5,female,5,eng
databases/tub-age2/age_files/Giulia/giu14_f_5.wav,0 days 00:01:15.620000,0 days 00:01:19.300000,giu14_f_5,female,5,eng
databases/tub-age2/age_files/Giulia/giu14_f_5.wav,0 days 00:01:19.660000,0 days 00:01:20.660000,giu14_f_5,female,5,eng
databases/tub-age2/age_files/Giulia/giu14_f_5.wav,0 days 00:01:21.120000,0 days 00:01:24.360000,giu14_f_5,female,5,eng
databases/tub-age2/age_files/Giulia/giu14_f_5.wav,0 days 00:01:25.140000,0 days 00:01:26.180000,giu14_f_5,female,5,eng
databases/tub-age2/age_files/Giulia/giu14_f_5.wav,0 days 00:01:27.700000,0 days 00:01:30.100000,giu14_f_5,female,5,eng
databases/tub-age2/age_files/Giulia/giu14_f_5.wav,0 days 00:01:31.740000,0 days 00:01:32.500000,giu14_f_5,female,5,eng
databases/tub-age2/age_files/Giulia/giu14_f_5.wav,0 days 00:01:33.160000,0 days 00:01:34.200000,giu14_f_5,female,5,eng
databases/tub-age2/age_files/Giulia/giu14_f_5.wav,0 days 00:01:34.980000,0 days 00:01:36.440000,giu14_f_5,female,5,eng
databases/tub-age2/age_files/Giulia/giu14_f_5.wav,0 days 00:01:38.020000,0 days 00:01:39.600000,giu14_f_5,female,5,eng
databases/tub-age2/age_files/Giulia/giu14_f_5.wav,0 days 00:01:40.060000,0 days 00:01:43.460000,giu14_f_5,female,5,eng
databases/tub-age2/age_files/Giulia/giu14_f_5.wav,0 days 00:01:45.720000,0 days 00:01:48.400000,giu14_f_5,female,5,eng
databases/tub-age2/age_files/Giulia/giu14_f_5.wav,0 days 00:01:48.880000,0 days 00:01:51.220000,giu14_f_5,female,5,eng
databases/tub-age2/age_files/Giulia/giu14_f_5.wav,0 days 00:01:51.580000,0 days 00:01:53.680000,giu14_f_5,female,5,eng
databases/tub-age2/age_files/Giulia/giu14_f_5.wav,0 days 00:01:55.240000,0 days 00:01:57.940000,giu14_f_5,female,5,eng
databases/tub-age2/age_files/Giulia/giu14_f_5.wav,0 days 00:02:01.920000,0 days 00:02:04.560000,giu14_f_5,female,5,eng
databases/tub-age2/age_files/Giulia/giu14_f_5.wav,0 days 00:02:05.500000,0 days 00:02:06.580000,giu14_f_5,female,5,eng
databases/tub-age2/age_files/Giulia/giu14_f_5.wav,0 days 00:02:07.780000,0 days 00:02:09.700000,giu14_f_5,female,5,eng
databases/tub-age2/age_files/Giulia/giu14_f_5.wav,0 days 00:02:10.140000,0 days 00:02:12.580000,giu14_f_5,female,5,eng
databases/tub-age2/age_files/Giulia/giu14_f_5.wav,0 days 00:02:13.320000,0 days 00:02:16.360000,giu14_f_5,female,5,eng
databases/tub-age2/age_files/Giulia/giu14_f_5.wav,0 days 00:02:18.540000,0 days 00:02:21.500000,giu14_f_5,female,5,eng
databases/tub-age2/age_files/Giulia/giu14_f_5.wav,0 days 00:02:24.020000,0 days 00:02:25.240000,giu14_f_5,female,5,eng
databases/tub-age2/age_files/Giulia/giu14_f_5.wav,0 days 00:02:28.360000,0 days 00:02:29.200000,giu14_f_5,female,5,eng
databases/tub-age2/age_files/Giulia/giu14_f_5.wav,0 days 00:02:29.900000,0 days 00:02:31.040000,giu14_f_5,female,5,eng
databases/tub-age2/age_files/Giulia/giu14_f_5.wav,0 days 00:02:31.400000,0 days 00:02:33.420000,giu14_f_5,female,5,eng
databases/tub-age2/age_files/Giulia/giu15_m_93.wav,0 days 00:00:00.080000,0 days 00:00:03.040000,giu15_m_93,male,93,it
databases/tub-age2/age_files/Giulia/giu15_m_93.wav,0 days 00:00:03.820000,0 days 00:00:06.040000,giu15_m_93,male,93,it
databases/tub-age2/age_files/Giulia/giu15_m_93.wav,0 days 00:00:07.580000,0 days 00:00:09.280000,giu15_m_93,male,93,it
databases/tub-age2/age_files/Giulia/giu15_m_93.wav,0 days 00:00:09.600000,0 days 00:00:10.860000,giu15_m_93,male,93,it
databases/tub-age2/age_files/Giulia/giu15_m_93.wav,0 days 00:00:11.980000,0 days 00:00:13.480000,giu15_m_93,male,93,it
databases/tub-age2/age_files/Giulia/giu15_m_93.wav,0 days 00:00:14,0 days 00:00:15.100000,giu15_m_93,male,93,it
databases/tub-age2/age_files/Giulia/giu15_m_93.wav,0 days 00:00:15.880000,0 days 00:00:19.360000,giu15_m_93,male,93,it
databases/tub-age2/age_files/Giulia/giu15_m_93.wav,0 days 00:00:19.720000,0 days 00:00:21.660000,giu15_m_93,male,93,it
databases/tub-age2/age_files/Giulia/giu15_m_93.wav,0 days 00:00:22.700000,0 days 00:00:24.660000,giu15_m_93,male,93,it
databases/tub-age2/age_files/Giulia/giu15_m_93.wav,0 days 00:00:25.100000,0 days 00:00:26.800000,giu15_m_93,male,93,it
databases/tub-age2/age_files/Giulia/giu15_m_93.wav,0 days 00:00:27.420000,0 days 00:00:29.100000,giu15_m_93,male,93,it
databases/tub-age2/age_files/Giulia/giu15_m_93.wav,0 days 00:00:29.540000,0 days 00:00:30.880000,giu15_m_93,male,93,it
databases/tub-age2/age_files/Giulia/giu15_m_93.wav,0 days 00:00:31.160000,0 days 00:00:32.560000,giu15_m_93,male,93,it
databases/tub-age2/age_files/Giulia/giu15_m_93.wav,0 days 00:00:33.960000,0 days 00:00:39.260000,giu15_m_93,male,93,it
databases/tub-age2/age_files/Giulia/giu15_m_93.wav,0 days 00:00:39.960000,0 days 00:00:41.380000,giu15_m_93,male,93,it
databases/tub-age2/age_files/Giulia/giu15_m_93.wav,0 days 00:00:41.840000,0 days 00:00:46.720000,giu15_m_93,male,93,it
databases/tub-age2/age_files/Giulia/giu15_m_93.wav,0 days 00:00:47.080000,0 days 00:00:48.080000,giu15_m_93,male,93,it
databases/tub-age2/age_files/Giulia/giu15_m_93.wav,0 days 00:00:48.600000,0 days 00:00:50.800000,giu15_m_93,male,93,it
databases/tub-age2/age_files/Giulia/giu15_m_93.wav,0 days 00:00:51.140000,0 days 00:00:52.920000,giu15_m_93,male,93,it
databases/tub-age2/age_files/Giulia/giu15_m_93.wav,0 days 00:00:53.480000,0 days 00:00:55.160000,giu15_m_93,male,93,it
databases/tub-age2/age_files/Giulia/giu15_m_93.wav,0 days 00:00:55.560000,0 days 00:00:57.080000,giu15_m_93,male,93,it
databases/tub-age2/age_files/Giulia/giu15_m_93.wav,0 days 00:00:57.380000,0 days 00:00:58.440000,giu15_m_93,male,93,it
databases/tub-age2/age_files/Giulia/giu15_m_93.wav,0 days 00:00:58.900000,0 days 00:01:01.680000,giu15_m_93,male,93,it
databases/tub-age2/age_files/Giulia/giu15_m_93.wav,0 days 00:01:03,0 days 00:01:09.550000,giu15_m_93,male,93,it
databases/tub-age2/age_files/Giulia/giu15_m_93.wav,0 days 00:01:09.920000,0 days 00:01:12.620000,giu15_m_93,male,93,it
databases/tub-age2/age_files/Giulia/giu15_m_93.wav,0 days 00:01:14.240000,0 days 00:01:18.060000,giu15_m_93,male,93,it
databases/tub-age2/age_files/Giulia/giu15_m_93.wav,0 days 00:01:18.520000,0 days 00:01:20.740000,giu15_m_93,male,93,it
databases/tub-age2/age_files/Giulia/giu15_m_93.wav,0 days 00:01:22.460000,0 days 00:01:23.240000,giu15_m_93,male,93,it
databases/tub-age2/age_files/Giulia/giu15_m_93.wav,0 days 00:00:00.080000,0 days 00:00:03.020000,giu15_m_93,male,93,it
databases/tub-age2/age_files/Giulia/giu15_m_93.wav,0 days 00:00:03.840000,0 days 00:00:06.040000,giu15_m_93,male,93,it
databases/tub-age2/age_files/Giulia/giu15_m_93.wav,0 days 00:00:09.640000,0 days 00:00:10.840000,giu15_m_93,male,93,it
databases/tub-age2/age_files/Giulia/giu15_m_93.wav,0 days 00:00:11.940000,0 days 00:00:13.480000,giu15_m_93,male,93,it
databases/tub-age2/age_files/Giulia/giu15_m_93.wav,0 days 00:00:13.980000,0 days 00:00:15.080000,giu15_m_93,male,93,it
databases/tub-age2/age_files/Giulia/giu15_m_93.wav,0 days 00:00:15.880000,0 days 00:00:17.540000,giu15_m_93,male,93,it
databases/tub-age2/age_files/Giulia/giu15_m_93.wav,0 days 00:00:17.800000,0 days 00:00:19.380000,giu15_m_93,male,93,it
databases/tub-age2/age_files/Giulia/giu15_m_93.wav,0 days 00:00:19.720000,0 days 00:00:21.660000,giu15_m_93,male,93,it
databases/tub-age2/age_files/Giulia/giu15_m_93.wav,0 days 00:00:22.700000,0 days 00:00:24.700000,giu15_m_93,male,93,it
databases/tub-age2/age_files/Giulia/giu15_m_93.wav,0 days 00:00:25.080000,0 days 00:00:26.800000,giu15_m_93,male,93,it
databases/tub-age2/age_files/Giulia/giu15_m_93.wav,0 days 00:00:27.420000,0 days 00:00:29.080000,giu15_m_93,male,93,it
databases/tub-age2/age_files/Giulia/giu15_m_93.wav,0 days 00:00:29.520000,0 days 00:00:30.900000,giu15_m_93,male,93,it
databases/tub-age2/age_files/Giulia/giu15_m_93.wav,0 days 00:00:31.180000,0 days 00:00:32.560000,giu15_m_93,male,93,it
databases/tub-age2/age_files/Giulia/giu15_m_93.wav,0 days 00:00:33.820000,0 days 00:00:39.360000,giu15_m_93,male,93,it
databases/tub-age2/age_files/Giulia/giu15_m_93.wav,0 days 00:00:39.960000,0 days 00:00:41.460000,giu15_m_93,male,93,it
databases/tub-age2/age_files/Giulia/giu15_m_93.wav,0 days 00:00:41.820000,0 days 00:00:46.720000,giu15_m_93,male,93,it
databases/tub-age2/age_files/Giulia/giu15_m_93.wav,0 days 00:00:47.080000,0 days 00:00:48.100000,giu15_m_93,male,93,it
databases/tub-age2/age_files/Giulia/giu15_m_93.wav,0 days 00:00:48.600000,0 days 00:00:50.800000,giu15_m_93,male,93,it
databases/tub-age2/age_files/Giulia/giu15_m_93.wav,0 days 00:00:51.140000,0 days 00:00:52.920000,giu15_m_93,male,93,it
databases/tub-age2/age_files/Giulia/giu15_m_93.wav,0 days 00:00:53.480000,0 days 00:00:55.160000,giu15_m_93,male,93,it
databases/tub-age2/age_files/Giulia/giu15_m_93.wav,0 days 00:00:55.560000,0 days 00:00:57.100000,giu15_m_93,male,93,it
databases/tub-age2/age_files/Giulia/giu15_m_93.wav,0 days 00:00:57.380000,0 days 00:00:58.440000,giu15_m_93,male,93,it
databases/tub-age2/age_files/Giulia/giu15_m_93.wav,0 days 00:00:58.880000,0 days 00:01:01.680000,giu15_m_93,male,93,it
databases/tub-age2/age_files/Giulia/giu15_m_93.wav,0 days 00:01:03,0 days 00:01:09.530000,giu15_m_93,male,93,it
databases/tub-age2/age_files/Giulia/giu15_m_93.wav,0 days 00:01:09.920000,0 days 00:01:12.620000,giu15_m_93,male,93,it
databases/tub-age2/age_files/Giulia/giu15_m_93.wav,0 days 00:01:14.240000,0 days 00:01:18.060000,giu15_m_93,male,93,it
databases/tub-age2/age_files/Giulia/giu15_m_93.wav,0 days 00:01:18.540000,0 days 00:01:20.740000,giu15_m_93,male,93,it
databases/tub-age2/age_files/Giulia/giu15_m_93.wav,0 days 00:01:22.460000,0 days 00:01:23.220000,giu15_m_93,male,93,it
databases/tub-age2/age_files/jakob/jak001_f_32.wav,0 days 00:00:00.080000,0 days 00:00:07.040000,jak001_f_32,female,32,de-de
databases/tub-age2/age_files/jakob/jak001_f_32.wav,0 days 00:00:07.140000,0 days 00:00:09.260000,jak001_f_32,female,32,de-de
databases/tub-age2/age_files/jakob/jak001_f_32.wav,0 days 00:00:09.880000,0 days 00:00:12.020000,jak001_f_32,female,32,de-de
databases/tub-age2/age_files/jakob/jak001_f_32.wav,0 days 00:00:13.120000,0 days 00:00:14.420000,jak001_f_32,female,32,de-de
databases/tub-age2/age_files/jakob/jak001_f_32.wav,0 days 00:00:14.900000,0 days 00:00:21.350000,jak001_f_32,female,32,de-de
databases/tub-age2/age_files/jakob/jak002_f_44.wav,0 days 00:00:01.080000,0 days 00:00:02.420000,jak002_f_44,female,44,de-de
databases/tub-age2/age_files/jakob/jak002_f_44.wav,0 days 00:00:04.340000,0 days 00:00:09.360000,jak002_f_44,female,44,de-de
databases/tub-age2/age_files/jakob/jak002_f_44.wav,0 days 00:00:10.800000,0 days 00:00:11.700000,jak002_f_44,female,44,de-de
databases/tub-age2/age_files/jakob/jak002_f_44.wav,0 days 00:00:12.160000,0 days 00:00:13.840000,jak002_f_44,female,44,de-de
databases/tub-age2/age_files/jakob/jak002_f_44.wav,0 days 00:00:15.080000,0 days 00:00:17.620000,jak002_f_44,female,44,de-de
databases/tub-age2/age_files/jakob/jak002_f_44.wav,0 days 00:00:20.760000,0 days 00:00:24.540000,jak002_f_44,female,44,de-de
databases/tub-age2/age_files/jakob/jak003_m_17.wav,0 days 00:00:00.240000,0 days 00:00:01.640000,jak003_m_17,male,17,de-de
databases/tub-age2/age_files/jakob/jak003_m_17.wav,0 days 00:00:01.940000,0 days 00:00:05.100000,jak003_m_17,male,17,de-de
databases/tub-age2/age_files/jakob/jak003_m_17.wav,0 days 00:00:05.380000,0 days 00:00:09.680000,jak003_m_17,male,17,de-de
databases/tub-age2/age_files/jakob/jak003_m_17.wav,0 days 00:00:10.160000,0 days 00:00:13.840000,jak003_m_17,male,17,de-de
databases/tub-age2/age_files/jakob/jak003_m_17.wav,0 days 00:00:14.260000,0 days 00:00:18.380000,jak003_m_17,male,17,de-de
databases/tub-age2/age_files/jakob/jak003_m_17.wav,0 days 00:00:19.020000,0 days 00:00:24.660000,jak003_m_17,male,17,de-de
databases/tub-age2/age_files/jakob/jak003_m_17.wav,0 days 00:00:25.880000,0 days 00:00:32.210000,jak003_m_17,male,17,de-de
databases/tub-age2/age_files/jakob/jak004_f_27.wav,0 days 00:00:01.800000,0 days 00:00:03.680000,jak004_f_27,female,27,de-de
databases/tub-age2/age_files/jakob/jak004_f_27.wav,0 days 00:00:04.080000,0 days 00:00:05.900000,jak004_f_27,female,27,de-de
databases/tub-age2/age_files/jakob/jak004_f_27.wav,0 days 00:00:06.960000,0 days 00:00:08.260000,jak004_f_27,female,27,de-de
databases/tub-age2/age_files/jakob/jak004_f_27.wav,0 days 00:00:08.660000,0 days 00:00:10.740000,jak004_f_27,female,27,de-de
databases/tub-age2/age_files/jakob/jak004_f_27.wav,0 days 00:00:11.600000,0 days 00:00:14.240000,jak004_f_27,female,27,de-de
databases/tub-age2/age_files/jakob/jak004_f_27.wav,0 days 00:00:16.200000,0 days 00:00:17,jak004_f_27,female,27,de-de
databases/tub-age2/age_files/jakob/jak004_f_27.wav,0 days 00:00:18.240000,0 days 00:00:19.380000,jak004_f_27,female,27,de-de
databases/tub-age2/age_files/jakob/jak004_f_27.wav,0 days 00:00:20.180000,0 days 00:00:23.620000,jak004_f_27,female,27,de-de
databases/tub-age2/age_files/jakob/jak005_f_31.wav,0 days 00:00:00.040000,0 days 00:00:01.380000,jak005_f_31,female,31,de-de
databases/tub-age2/age_files/jakob/jak005_f_31.wav,0 days 00:00:01.760000,0 days 00:00:08.720000,jak005_f_31,female,31,de-de
databases/tub-age2/age_files/jakob/jak005_f_31.wav,0 days 00:00:08.780000,0 days 00:00:11.620000,jak005_f_31,female,31,de-de
databases/tub-age2/age_files/jakob/jak005_f_31.wav,0 days 00:00:11.920000,0 days 00:00:13.080000,jak005_f_31,female,31,de-de
databases/tub-age2/age_files/jakob/jak005_f_31.wav,0 days 00:00:13.780000,0 days 00:00:18.880000,jak005_f_31,female,31,de-de
databases/tub-age2/age_files/jakob/jak005_f_31.wav,0 days 00:00:19.220000,0 days 00:00:20.640000,jak005_f_31,female,31,de-de
databases/tub-age2/age_files/jakob/jak005_f_31.wav,0 days 00:00:21.320000,0 days 00:00:25.840000,jak005_f_31,female,31,de-de
databases/tub-age2/age_files/jakob/jak005_f_31.wav,0 days 00:00:26.300000,0 days 00:00:29.720000,jak005_f_31,female,31,de-de
databases/tub-age2/age_files/jakob/jak006_m_34.wav,0 days 00:00:00.580000,0 days 00:00:02.900000,jak006_m_34,male,34,de-de
databases/tub-age2/age_files/jakob/jak006_m_34.wav,0 days 00:00:03.760000,0 days 00:00:05.080000,jak006_m_34,male,34,de-de
databases/tub-age2/age_files/jakob/jak006_m_34.wav,0 days 00:00:05.700000,0 days 00:00:06.580000,jak006_m_34,male,34,de-de
databases/tub-age2/age_files/jakob/jak006_m_34.wav,0 days 00:00:07.040000,0 days 00:00:10.540000,jak006_m_34,male,34,de-de
databases/tub-age2/age_files/jakob/jak006_m_34.wav,0 days 00:00:11.120000,0 days 00:00:16.600000,jak006_m_34,male,34,de-de
databases/tub-age2/age_files/jakob/jak007_f_28.wav,0 days 00:00:00.160000,0 days 00:00:03.620000,jak007_f_28,female,28,de-de
databases/tub-age2/age_files/jakob/jak007_f_28.wav,0 days 00:00:05.080000,0 days 00:00:06.840000,jak007_f_28,female,28,de-de
databases/tub-age2/age_files/jakob/jak007_f_28.wav,0 days 00:00:07.420000,0 days 00:00:14.380000,jak007_f_28,female,28,de-de
databases/tub-age2/age_files/jakob/jak007_f_28.wav,0 days 00:00:14.440000,0 days 00:00:19.120000,jak007_f_28,female,28,de-de
databases/tub-age2/age_files/jakob/jak007_f_28.wav,0 days 00:00:19.760000,0 days 00:00:21.340000,jak007_f_28,female,28,de-de
databases/tub-age2/age_files/jakob/jak008_f_27.wav,0 days 00:00:00.140000,0 days 00:00:07.100000,jak008_f_27,female,27,de-de
databases/tub-age2/age_files/jakob/jak008_f_27.wav,0 days 00:00:07.720000,0 days 00:00:11.620000,jak008_f_27,female,27,de-de
databases/tub-age2/age_files/jakob/jak008_f_27.wav,0 days 00:00:12.140000,0 days 00:00:19.100000,jak008_f_27,female,27,de-de
databases/tub-age2/age_files/jakob/jak008_f_27.wav,0 days 00:00:20.180000,0 days 00:00:27.140000,jak008_f_27,female,27,de-de
databases/tub-age2/age_files/jakob/jak008_f_27.wav,0 days 00:00:27.200000,0 days 00:00:28.480000,jak008_f_27,female,27,de-de
databases/tub-age2/age_files/jakob/jak009_f_19.wav,0 days 00:00:00.440000,0 days 00:00:03.140000,jak009_f_19,female,19,de-de
databases/tub-age2/age_files/jakob/jak009_f_19.wav,0 days 00:00:03.660000,0 days 00:00:07.120000,jak009_f_19,female,19,de-de
databases/tub-age2/age_files/jakob/jak009_f_19.wav,0 days 00:00:07.880000,0 days 00:00:11.080000,jak009_f_19,female,19,de-de
databases/tub-age2/age_files/jakob/jak009_f_19.wav,0 days 00:00:12.320000,0 days 00:00:13.180000,jak009_f_19,female,19,de-de
databases/tub-age2/age_files/jakob/jak009_f_19.wav,0 days 00:00:14,0 days 00:00:15.580000,jak009_f_19,female,19,de-de
databases/tub-age2/age_files/jakob/jak009_f_19.wav,0 days 00:00:16.380000,0 days 00:00:18.400000,jak009_f_19,female,19,de-de
databases/tub-age2/age_files/jakob/jak009_f_19.wav,0 days 00:00:19.600000,0 days 00:00:20.820000,jak009_f_19,female,19,de-de
databases/tub-age2/age_files/jakob/jak009_f_19.wav,0 days 00:00:21.980000,0 days 00:00:24.500000,jak009_f_19,female,19,de-de
databases/tub-age2/age_files/jakob/jak009_f_19.wav,0 days 00:00:25.360000,0 days 00:00:27.520000,jak009_f_19,female,19,de-de
databases/tub-age2/age_files/jakob/jak010_m_13.wav,0 days 00:00:00.360000,0 days 00:00:03.600000,jak010_m_13,male,13,de-de
databases/tub-age2/age_files/jakob/jak010_m_13.wav,0 days 00:00:04.220000,0 days 00:00:05.760000,jak010_m_13,male,13,de-de
databases/tub-age2/age_files/jakob/jak010_m_13.wav,0 days 00:00:06.540000,0 days 00:00:07.500000,jak010_m_13,male,13,de-de
databases/tub-age2/age_files/jakob/jak010_m_13.wav,0 days 00:00:08.200000,0 days 00:00:09.740000,jak010_m_13,male,13,de-de
databases/tub-age2/age_files/jakob/jak010_m_13.wav,0 days 00:00:10.280000,0 days 00:00:11.740000,jak010_m_13,male,13,de-de
databases/tub-age2/age_files/jakob/jak010_m_13.wav,0 days 00:00:12.680000,0 days 00:00:13.760000,jak010_m_13,male,13,de-de
databases/tub-age2/age_files/jakob/jak010_m_13.wav,0 days 00:00:14.020000,0 days 00:00:16.040000,jak010_m_13,male,13,de-de
databases/tub-age2/age_files/jakob/jak010_m_13.wav,0 days 00:00:17.540000,0 days 00:00:18.360000,jak010_m_13,male,13,de-de
databases/tub-age2/age_files/jakob/jak010_m_13.wav,0 days 00:00:19.020000,0 days 00:00:19.840000,jak010_m_13,male,13,de-de
databases/tub-age2/age_files/jakob/jak010_m_13.wav,0 days 00:00:20.320000,0 days 00:00:21.460000,jak010_m_13,male,13,de-de
databases/tub-age2/age_files/jakob/jak010_m_13.wav,0 days 00:00:21.900000,0 days 00:00:24,jak010_m_13,male,13,de-de
databases/tub-age2/age_files/jakob/jak010_m_13.wav,0 days 00:00:24.520000,0 days 00:00:25.820000,jak010_m_13,male,13,de-de
databases/tub-age2/age_files/jakob/jak011_m_12.wav,0 days 00:00:00.120000,0 days 00:00:05.780000,jak011_m_12,male,12,de-de
databases/tub-age2/age_files/jakob/jak011_m_12.wav,0 days 00:00:06.200000,0 days 00:00:09.100000,jak011_m_12,male,12,de-de
databases/tub-age2/age_files/jakob/jak011_m_12.wav,0 days 00:00:09.620000,0 days 00:00:14.820000,jak011_m_12,male,12,de-de
databases/tub-age2/age_files/jakob/jak011_m_12.wav,0 days 00:00:15.360000,0 days 00:00:20.220000,jak011_m_12,male,12,de-de
databases/tub-age2/age_files/jakob/jak011_m_12.wav,0 days 00:00:20.800000,0 days 00:00:26.850000,jak011_m_12,male,12,de-de
databases/tub-age2/age_files/jakob/jak011_m_12.wav,0 days 00:00:27.260000,0 days 00:00:29.820000,jak011_m_12,male,12,de-de
databases/tub-age2/age_files/jakob/jak012_f_50.wav,0 days 00:00:00.060000,0 days 00:00:02.940000,jak012_f_50,female,50,de-de
databases/tub-age2/age_files/jakob/jak012_f_50.wav,0 days 00:00:03.900000,0 days 00:00:09.220000,jak012_f_50,female,50,de-de
databases/tub-age2/age_files/jakob/jak012_f_50.wav,0 days 00:00:09.940000,0 days 00:00:12.140000,jak012_f_50,female,50,de-de
databases/tub-age2/age_files/jakob/jak012_f_50.wav,0 days 00:00:12.840000,0 days 00:00:15.760000,jak012_f_50,female,50,de-de
databases/tub-age2/age_files/jakob/jak012_f_50.wav,0 days 00:00:17.500000,0 days 00:00:21.440000,jak012_f_50,female,50,de-de
databases/tub-age2/age_files/jakob/jak013_f_58.wav,0 days 00:00:00.720000,0 days 00:00:02.800000,jak013_f_58,female,58,de-de
databases/tub-age2/age_files/jakob/jak013_f_58.wav,0 days 00:00:05.360000,0 days 00:00:06.380000,jak013_f_58,female,58,de-de
databases/tub-age2/age_files/jakob/jak013_f_58.wav,0 days 00:00:08.560000,0 days 00:00:09.560000,jak013_f_58,female,58,de-de
databases/tub-age2/age_files/jakob/jak013_f_58.wav,0 days 00:00:10.580000,0 days 00:00:13.880000,jak013_f_58,female,58,de-de
databases/tub-age2/age_files/jakob/jak013_f_58.wav,0 days 00:00:14.280000,0 days 00:00:15.860000,jak013_f_58,female,58,de-de
databases/tub-age2/age_files/jakob/jak013_f_58.wav,0 days 00:00:16.160000,0 days 00:00:18.040000,jak013_f_58,female,58,de-de
databases/tub-age2/age_files/jakob/jak013_f_58.wav,0 days 00:00:18.740000,0 days 00:00:24.700000,jak013_f_58,female,58,de-de
databases/tub-age2/age_files/jakob/jak013_f_58.wav,0 days 00:00:25.440000,0 days 00:00:26.820000,jak013_f_58,female,58,de-de
databases/tub-age2/age_files/jakob/jak013_f_58.wav,0 days 00:00:27.560000,0 days 00:00:28.460000,jak013_f_58,female,58,de-de
databases/tub-age2/age_files/jakob/jak013_f_58.wav,0 days 00:00:28.960000,0 days 00:00:30.380000,jak013_f_58,female,58,de-de
databases/tub-age2/age_files/jakob/jak013_f_58.wav,0 days 00:00:30.700000,0 days 00:00:32.660000,jak013_f_58,female,58,de-de
databases/tub-age2/age_files/jakob/jak014_m_6.wav,0 days 00:00:00.180000,0 days 00:00:05.840000,jak014_m_6,male,6,de-de
databases/tub-age2/age_files/jakob/jak014_m_6.wav,0 days 00:00:07.100000,0 days 00:00:09.840000,jak014_m_6,male,6,de-de
databases/tub-age2/age_files/jakob/jak014_m_6.wav,0 days 00:00:11,0 days 00:00:13.040000,jak014_m_6,male,6,de-de
databases/tub-age2/age_files/jakob/jak014_m_6.wav,0 days 00:00:14.140000,0 days 00:00:17.540000,jak014_m_6,male,6,de-de
databases/tub-age2/age_files/jakob/jak015_f_18.wav,0 days 00:00:00.520000,0 days 00:00:04.200000,jak015_f_18,female,18,de-de
databases/tub-age2/age_files/jakob/jak015_f_18.wav,0 days 00:00:04.560000,0 days 00:00:07.340000,jak015_f_18,female,18,de-de
databases/tub-age2/age_files/jakob/jak015_f_18.wav,0 days 00:00:07.680000,0 days 00:00:08.840000,jak015_f_18,female,18,de-de
databases/tub-age2/age_files/jakob/jak015_f_18.wav,0 days 00:00:09.220000,0 days 00:00:16.180000,jak015_f_18,female,18,de-de
databases/tub-age2/age_files/jakob/jak015_f_18.wav,0 days 00:00:17.040000,0 days 00:00:20.080000,jak015_f_18,female,18,de-de
databases/tub-age2/age_files/jakob/jak015_f_18.wav,0 days 00:00:20.400000,0 days 00:00:25.960000,jak015_f_18,female,18,de-de
databases/tub-age2/age_files/jakob/jak016_m_17.wav,0 days 00:00:00.200000,0 days 00:00:06.790000,jak016_m_17,male,17,de-de
databases/tub-age2/age_files/jakob/jak016_m_17.wav,0 days 00:00:07.040000,0 days 00:00:08.380000,jak016_m_17,male,17,de-de
databases/tub-age2/age_files/jakob/jak016_m_17.wav,0 days 00:00:08.820000,0 days 00:00:09.680000,jak016_m_17,male,17,de-de
databases/tub-age2/age_files/jakob/jak016_m_17.wav,0 days 00:00:10.380000,0 days 00:00:12.700000,jak016_m_17,male,17,de-de
databases/tub-age2/age_files/jakob/jak016_m_17.wav,0 days 00:00:14.160000,0 days 00:00:17.540000,jak016_m_17,male,17,de-de
databases/tub-age2/age_files/jakob/jak016_m_17.wav,0 days 00:00:17.920000,0 days 00:00:22.860000,jak016_m_17,male,17,de-de
databases/tub-age2/age_files/jakob/jak016_m_17.wav,0 days 00:00:24.600000,0 days 00:00:26.060000,jak016_m_17,male,17,de-de
databases/tub-age2/age_files/jakob/jak016_m_17.wav,0 days 00:00:26.340000,0 days 00:00:28.480000,jak016_m_17,male,17,de-de
databases/tub-age2/age_files/jakob/jak017_m_56.wav,0 days 00:00:00.240000,0 days 00:00:05.920000,jak017_m_56,male,56,de-de
databases/tub-age2/age_files/jakob/jak017_m_56.wav,0 days 00:00:08.400000,0 days 00:00:10.600000,jak017_m_56,male,56,de-de
databases/tub-age2/age_files/jakob/jak017_m_56.wav,0 days 00:00:12.100000,0 days 00:00:13.660000,jak017_m_56,male,56,de-de
databases/tub-age2/age_files/jakob/jak017_m_56.wav,0 days 00:00:15.940000,0 days 00:00:17.080000,jak017_m_56,male,56,de-de
databases/tub-age2/age_files/jakob/jak017_m_56.wav,0 days 00:00:20.800000,0 days 00:00:22.280000,jak017_m_56,male,56,de-de
databases/tub-age2/age_files/jakob/jak017_m_56.wav,0 days 00:00:23.040000,0 days 00:00:25.780000,jak017_m_56,male,56,de-de
databases/tub-age2/age_files/jakob/jak017_m_56.wav,0 days 00:00:26.200000,0 days 00:00:27.720000,jak017_m_56,male,56,de-de
databases/tub-age2/age_files/jakob/jak017_m_56.wav,0 days 00:00:28.220000,0 days 00:00:31.240000,jak017_m_56,male,56,de-de
databases/tub-age2/age_files/laura/lau01_f_26.wav,0 days 00:00:00.940000,0 days 00:00:03.720000,lau01_f_26,female,26,de-de
databases/tub-age2/age_files/laura/lau01_f_26.wav,0 days 00:00:04.280000,0 days 00:00:09.640000,lau01_f_26,female,26,de-de
databases/tub-age2/age_files/laura/lau01_f_26.wav,0 days 00:00:10.360000,0 days 00:00:13.760000,lau01_f_26,female,26,de-de
databases/tub-age2/age_files/laura/lau01_f_26.wav,0 days 00:00:14.880000,0 days 00:00:19.980000,lau01_f_26,female,26,de-de
databases/tub-age2/age_files/laura/lau02_f_24.wav,0 days 00:00:01.500000,0 days 00:00:03.560000,lau02_f_24,female,24,de-de
databases/tub-age2/age_files/laura/lau02_f_24.wav,0 days 00:00:03.940000,0 days 00:00:07.300000,lau02_f_24,female,24,de-de
databases/tub-age2/age_files/laura/lau02_f_24.wav,0 days 00:00:08.820000,0 days 00:00:12.060000,lau02_f_24,female,24,de-de
databases/tub-age2/age_files/laura/lau02_f_24.wav,0 days 00:00:12.360000,0 days 00:00:15.060000,lau02_f_24,female,24,de-de
databases/tub-age2/age_files/laura/lau02_f_24.wav,0 days 00:00:16.980000,0 days 00:00:20.140000,lau02_f_24,female,24,de-de
databases/tub-age2/age_files/laura/lau03_f_27.wav,0 days 00:00:01.280000,0 days 00:00:02.900000,lau03_f_27,female,27,de-de
databases/tub-age2/age_files/laura/lau03_f_27.wav,0 days 00:00:04.060000,0 days 00:00:07.080000,lau03_f_27,female,27,de-de
databases/tub-age2/age_files/laura/lau03_f_27.wav,0 days 00:00:08,0 days 00:00:10.460000,lau03_f_27,female,27,de-de
databases/tub-age2/age_files/laura/lau03_f_27.wav,0 days 00:00:11.060000,0 days 00:00:13.860000,lau03_f_27,female,27,de-de
databases/tub-age2/age_files/laura/lau03_f_27.wav,0 days 00:00:14.600000,0 days 00:00:19.080000,lau03_f_27,female,27,de-de
databases/tub-age2/age_files/laura/lau03_f_27.wav,0 days 00:00:20.560000,0 days 00:00:22.660000,lau03_f_27,female,27,de-de
databases/tub-age2/age_files/laura/lau04_f_34.wav,0 days 00:00:00.200000,0 days 00:00:01.440000,lau04_f_34,female,34,de-de
databases/tub-age2/age_files/laura/lau04_f_34.wav,0 days 00:00:02.780000,0 days 00:00:05.300000,lau04_f_34,female,34,de-de
databases/tub-age2/age_files/laura/lau04_f_34.wav,0 days 00:00:05.820000,0 days 00:00:07.500000,lau04_f_34,female,34,de-de
databases/tub-age2/age_files/laura/lau04_f_34.wav,0 days 00:00:08.200000,0 days 00:00:09.740000,lau04_f_34,female,34,de-de
databases/tub-age2/age_files/laura/lau04_f_34.wav,0 days 00:00:10.280000,0 days 00:00:11.560000,lau04_f_34,female,34,de-de
databases/tub-age2/age_files/laura/lau04_f_34.wav,0 days 00:00:12.440000,0 days 00:00:14.320000,lau04_f_34,female,34,de-de
databases/tub-age2/age_files/laura/lau04_f_34.wav,0 days 00:00:14.960000,0 days 00:00:18.960000,lau04_f_34,female,34,de-de
databases/tub-age2/age_files/laura/lau04_f_34.wav,0 days 00:00:19.340000,0 days 00:00:21.280000,lau04_f_34,female,34,de-de
databases/tub-age2/age_files/laura/lau05_m_55.wav,0 days 00:00:00.300000,0 days 00:00:02.960000,lau05_m_55,male,55,de-de
databases/tub-age2/age_files/laura/lau05_m_55.wav,0 days 00:00:03.760000,0 days 00:00:05.780000,lau05_m_55,male,55,de-de
databases/tub-age2/age_files/laura/lau05_m_55.wav,0 days 00:00:06.320000,0 days 00:00:07.340000,lau05_m_55,male,55,de-de
databases/tub-age2/age_files/laura/lau05_m_55.wav,0 days 00:00:07.720000,0 days 00:00:09.080000,lau05_m_55,male,55,de-de
databases/tub-age2/age_files/laura/lau05_m_55.wav,0 days 00:00:09.600000,0 days 00:00:13.320000,lau05_m_55,male,55,de-de
databases/tub-age2/age_files/laura/lau05_m_55.wav,0 days 00:00:13.840000,0 days 00:00:15.040000,lau05_m_55,male,55,de-de
databases/tub-age2/age_files/laura/lau05_m_55.wav,0 days 00:00:16.520000,0 days 00:00:20.540000,lau05_m_55,male,55,de-de
databases/tub-age2/age_files/laura/lau05_m_55.wav,0 days 00:00:20.900000,0 days 00:00:23,lau05_m_55,male,55,de-de
databases/tub-age2/age_files/laura/lau06_m_26.wav,0 days 00:00:01.600000,0 days 00:00:03.600000,lau06_m_26,male,26,de-de
databases/tub-age2/age_files/laura/lau06_m_26.wav,0 days 00:00:04.100000,0 days 00:00:06.840000,lau06_m_26,male,26,de-de
databases/tub-age2/age_files/laura/lau06_m_26.wav,0 days 00:00:07.420000,0 days 00:00:11.080000,lau06_m_26,male,26,de-de
databases/tub-age2/age_files/laura/lau06_m_26.wav,0 days 00:00:11.500000,0 days 00:00:13.580000,lau06_m_26,male,26,de-de
databases/tub-age2/age_files/laura/lau06_m_26.wav,0 days 00:00:14.100000,0 days 00:00:15.540000,lau06_m_26,male,26,de-de
databases/tub-age2/age_files/laura/lau06_m_26.wav,0 days 00:00:16.040000,0 days 00:00:18.340000,lau06_m_26,male,26,de-de
databases/tub-age2/age_files/laura/lau06_m_26.wav,0 days 00:00:19,0 days 00:00:22.680000,lau06_m_26,male,26,de-de
databases/tub-age2/age_files/laura/lau07_m_27.wav,0 days 00:00:00.280000,0 days 00:00:03.220000,lau07_m_27,male,27,de-de
databases/tub-age2/age_files/laura/lau07_m_27.wav,0 days 00:00:03.640000,0 days 00:00:05.980000,lau07_m_27,male,27,de-de
databases/tub-age2/age_files/laura/lau07_m_27.wav,0 days 00:00:06.320000,0 days 00:00:08.820000,lau07_m_27,male,27,de-de
databases/tub-age2/age_files/laura/lau07_m_27.wav,0 days 00:00:09.340000,0 days 00:00:11.640000,lau07_m_27,male,27,de-de
databases/tub-age2/age_files/laura/lau08_m_30.wav,0 days 00:00:00.020000,0 days 00:00:03.560000,lau08_m_30,male,30,de-de
databases/tub-age2/age_files/laura/lau08_m_30.wav,0 days 00:00:04.460000,0 days 00:00:06.340000,lau08_m_30,male,30,de-de
databases/tub-age2/age_files/laura/lau08_m_30.wav,0 days 00:00:06.960000,0 days 00:00:09.260000,lau08_m_30,male,30,de-de
databases/tub-age2/age_files/laura/lau08_m_30.wav,0 days 00:00:09.960000,0 days 00:00:11.760000,lau08_m_30,male,30,de-de
databases/tub-age2/age_files/laura/lau09_f_24.wav,0 days 00:00:00.160000,0 days 00:00:00.940000,lau09_f_24,female,25,de-de
databases/tub-age2/age_files/laura/lau09_f_24.wav,0 days 00:00:01.200000,0 days 00:00:07.670000,lau09_f_24,female,25,de-de
databases/tub-age2/age_files/laura/lau09_f_24.wav,0 days 00:00:08.740000,0 days 00:00:13.440000,lau09_f_24,female,25,de-de
databases/tub-age2/age_files/laura/lau09_f_24.wav,0 days 00:00:14.200000,0 days 00:00:20.710000,lau09_f_24,female,25,de-de
databases/tub-age2/age_files/laura/lau09_f_24.wav,0 days 00:00:20.920000,0 days 00:00:24.020000,lau09_f_24,female,25,de-de
databases/tub-age2/age_files/laura/lau09_f_24.wav,0 days 00:00:24.620000,0 days 00:00:29.320000,lau09_f_24,female,25,de-de
databases/tub-age2/age_files/laura/lau09_f_24.wav,0 days 00:00:29.800000,0 days 00:00:31.600000,lau09_f_24,female,25,de-de
databases/tub-age2/age_files/laura/lau10_f_65.wav,0 days 00:00:00.180000,0 days 00:00:07.140000,lau10_f_65,female,65,de-de
databases/tub-age2/age_files/laura/lau10_f_65.wav,0 days 00:00:07.200000,0 days 00:00:09.520000,lau10_f_65,female,65,de-de
databases/tub-age2/age_files/laura/lau10_f_65.wav,0 days 00:00:10,0 days 00:00:15.960000,lau10_f_65,female,65,de-de
databases/tub-age2/age_files/laura/lau10_f_65.wav,0 days 00:00:16.100000,0 days 00:00:17.460000,lau10_f_65,female,65,de-de
databases/tub-age2/age_files/laura/lau10_f_65.wav,0 days 00:00:17.860000,0 days 00:00:22.620000,lau10_f_65,female,65,de-de
databases/tub-age2/age_files/aya/aya01_f_30.wav,0 days 00:00:01.200000,0 days 00:00:03.280000,aya01_f_30,female,30,ar-jo/en
databases/tub-age2/age_files/aya/aya01_f_30.wav,0 days 00:00:03.740000,0 days 00:00:07.860000,aya01_f_30,female,30,ar-jo/en
databases/tub-age2/age_files/aya/aya01_f_30.wav,0 days 00:00:08.560000,0 days 00:00:14.520000,aya01_f_30,female,30,ar-jo/en
databases/tub-age2/age_files/aya/aya01_f_30.wav,0 days 00:00:15.020000,0 days 00:00:16.380000,aya01_f_30,female,30,ar-jo/en
databases/tub-age2/age_files/aya/aya01_f_30.wav,0 days 00:00:16.900000,0 days 00:00:19.580000,aya01_f_30,female,30,ar-jo/en
databases/tub-age2/age_files/aya/aya01_f_30.wav,0 days 00:00:21.160000,0 days 00:00:22.280000,aya01_f_30,female,30,ar-jo/en
databases/tub-age2/age_files/aya/aya01_f_30.wav,0 days 00:00:23.680000,0 days 00:00:26.200000,aya01_f_30,female,30,ar-jo/en
databases/tub-age2/age_files/aya/aya01_f_30.wav,0 days 00:00:28.520000,0 days 00:00:30.100000,aya01_f_30,female,30,ar-jo/en
databases/tub-age2/age_files/aya/aya02_f_35.wav,0 days 00:00:01.500000,0 days 00:00:07.590000,aya02_f_35,female,35,bs-ba
databases/tub-age2/age_files/aya/aya02_f_35.wav,0 days 00:00:08.140000,0 days 00:00:15.100000,aya02_f_35,female,35,bs-ba
databases/tub-age2/age_files/aya/aya02_f_35.wav,0 days 00:00:15.160000,0 days 00:00:17.580000,aya02_f_35,female,35,bs-ba
databases/tub-age2/age_files/aya/aya02_f_35.wav,0 days 00:00:18.060000,0 days 00:00:21.420000,aya02_f_35,female,35,bs-ba
databases/tub-age2/age_files/aya/aya02_f_35.wav,0 days 00:00:21.860000,0 days 00:00:27.600000,aya02_f_35,female,35,bs-ba
databases/tub-age2/age_files/aya/aya02_f_35.wav,0 days 00:00:28.280000,0 days 00:00:31.560000,aya02_f_35,female,35,bs-ba
databases/tub-age2/age_files/aya/aya03_f_63.wav,0 days 00:00:00.420000,0 days 00:00:03.460000,aya03_f_63,female,63,ar-jo
databases/tub-age2/age_files/aya/aya03_f_63.wav,0 days 00:00:03.780000,0 days 00:00:09.740000,aya03_f_63,female,63,ar-jo
databases/tub-age2/age_files/aya/aya03_f_63.wav,0 days 00:00:10.300000,0 days 00:00:12.980000,aya03_f_63,female,63,ar-jo
databases/tub-age2/age_files/aya/aya03_f_63.wav,0 days 00:00:13.540000,0 days 00:00:15.780000,aya03_f_63,female,63,ar-jo
databases/tub-age2/age_files/aya/aya03_f_63.wav,0 days 00:00:16.520000,0 days 00:00:17.380000,aya03_f_63,female,63,ar-jo
databases/tub-age2/age_files/aya/aya03_f_63.wav,0 days 00:00:18.240000,0 days 00:00:21.500000,aya03_f_63,female,63,ar-jo
databases/tub-age2/age_files/aya/aya03_f_63.wav,0 days 00:00:22.340000,0 days 00:00:26.740000,aya03_f_63,female,63,ar-jo
databases/tub-age2/age_files/aya/aya03_f_63.wav,0 days 00:00:27.280000,0 days 00:00:33.450000,aya03_f_63,female,63,ar-jo
databases/tub-age2/age_files/aya/aya03_f_63.wav,0 days 00:00:34.420000,0 days 00:00:38.300000,aya03_f_63,female,63,ar-jo
databases/tub-age2/age_files/aya/aya03_f_63.wav,0 days 00:00:39.620000,0 days 00:00:42.680000,aya03_f_63,female,63,ar-jo
databases/tub-age2/age_files/aya/aya03_f_63.wav,0 days 00:00:43.700000,0 days 00:00:45.860000,aya03_f_63,female,63,ar-jo
databases/tub-age2/age_files/aya/aya04_f_23.wav,0 days 00:00:01.500000,0 days 00:00:05.660000,aya04_f_23,female ,23,de-ch
databases/tub-age2/age_files/aya/aya04_f_23.wav,0 days 00:00:06.140000,0 days 00:00:07.720000,aya04_f_23,female ,23,de-ch
databases/tub-age2/age_files/aya/aya04_f_23.wav,0 days 00:00:08.040000,0 days 00:00:13.580000,aya04_f_23,female ,23,de-ch
databases/tub-age2/age_files/aya/aya04_f_23.wav,0 days 00:00:13.940000,0 days 00:00:17.100000,aya04_f_23,female ,23,de-ch
databases/tub-age2/age_files/aya/aya04_f_23.wav,0 days 00:00:17.500000,0 days 00:00:20.380000,aya04_f_23,female ,23,de-ch
databases/tub-age2/age_files/aya/aya04_f_23.wav,0 days 00:00:20.660000,0 days 00:00:24.160000,aya04_f_23,female ,23,de-ch
databases/tub-age2/age_files/aya/aya04_f_23.wav,0 days 00:00:25.160000,0 days 00:00:30.040000,aya04_f_23,female ,23,de-ch
databases/tub-age2/age_files/aya/aya05_m_68.wav,0 days 00:00:00.420000,0 days 00:00:02.220000,aya05_m_68,male,68,ar-jo
databases/tub-age2/age_files/aya/aya05_m_68.wav,0 days 00:00:02.800000,0 days 00:00:08,aya05_m_68,male,68,ar-jo
databases/tub-age2/age_files/aya/aya05_m_68.wav,0 days 00:00:08.860000,0 days 00:00:12.620000,aya05_m_68,male,68,ar-jo
databases/tub-age2/age_files/aya/aya05_m_68.wav,0 days 00:00:13.500000,0 days 00:00:18.440000,aya05_m_68,male,68,ar-jo
databases/tub-age2/age_files/aya/aya05_m_68.wav,0 days 00:00:19.360000,0 days 00:00:22.900000,aya05_m_68,male,68,ar-jo
databases/tub-age2/age_files/aya/aya05_m_68.wav,0 days 00:00:23.580000,0 days 00:00:27.260000,aya05_m_68,male,68,ar-jo
databases/tub-age2/age_files/aya/aya05_m_68.wav,0 days 00:00:27.840000,0 days 00:00:29.300000,aya05_m_68,male,68,ar-jo
databases/tub-age2/age_files/aya/aya05_m_68.wav,0 days 00:00:29.880000,0 days 00:00:32.160000,aya05_m_68,male,68,ar-jo
databases/tub-age2/age_files/aya/aya05_m_68.wav,0 days 00:00:32.780000,0 days 00:00:35.680000,aya05_m_68,male,68,ar-jo
databases/tub-age2/age_files/aya/aya05_m_68.wav,0 days 00:00:36.140000,0 days 00:00:42.100000,aya05_m_68,male,68,ar-jo
databases/tub-age2/age_files/aya/aya05_m_68.wav,0 days 00:00:42.400000,0 days 00:00:44.080000,aya05_m_68,male,68,ar-jo
databases/tub-age2/age_files/aya/aya06_m_29.wav,0 days 00:00:01.460000,0 days 00:00:04.940000,aya06_m_29,male,29,pt-pt
databases/tub-age2/age_files/aya/aya06_m_29.wav,0 days 00:00:05.600000,0 days 00:00:07.620000,aya06_m_29,male,29,pt-pt
databases/tub-age2/age_files/aya/aya06_m_29.wav,0 days 00:00:08.600000,0 days 00:00:11.660000,aya06_m_29,male,29,pt-pt
databases/tub-age2/age_files/aya/aya06_m_29.wav,0 days 00:00:12.760000,0 days 00:00:18.850000,aya06_m_29,male,29,pt-pt
databases/tub-age2/age_files/aya/aya06_m_29.wav,0 days 00:00:19.660000,0 days 00:00:21.880000,aya06_m_29,male,29,pt-pt
databases/tub-age2/age_files/aya/aya06_m_29.wav,0 days 00:00:22.140000,0 days 00:00:23.320000,aya06_m_29,male,29,pt-pt
databases/tub-age2/age_files/aya/aya06_m_29.wav,0 days 00:00:23.820000,0 days 00:00:25.280000,aya06_m_29,male,29,pt-pt
databases/tub-age2/age_files/aya/aya06_m_29.wav,0 days 00:00:25.860000,0 days 00:00:29.660000,aya06_m_29,male,29,pt-pt
databases/tub-age2/age_files/aya/aya07_f_26.wav,0 days 00:00:01.480000,0 days 00:00:05.500000,aya07_f_26,female,26,en/ar-jo
databases/tub-age2/age_files/aya/aya07_f_26.wav,0 days 00:00:06.260000,0 days 00:00:08.640000,aya07_f_26,female,26,en/ar-jo
databases/tub-age2/age_files/aya/aya07_f_26.wav,0 days 00:00:09.240000,0 days 00:00:16.200000,aya07_f_26,female,26,en/ar-jo
databases/tub-age2/age_files/aya/aya07_f_26.wav,0 days 00:00:16.420000,0 days 00:00:17.820000,aya07_f_26,female,26,en/ar-jo
databases/tub-age2/age_files/aya/aya07_f_26.wav,0 days 00:00:18.760000,0 days 00:00:25.720000,aya07_f_26,female,26,en/ar-jo
databases/tub-age2/age_files/aya/aya07_f_26.wav,0 days 00:00:25.780000,0 days 00:00:26.720000,aya07_f_26,female,26,en/ar-jo
databases/tub-age2/age_files/aya/aya07_f_26.wav,0 days 00:00:27.080000,0 days 00:00:30.060000,aya07_f_26,female,26,en/ar-jo
databases/tub-age2/age_files/aya/aya07_f_26.wav,0 days 00:00:30.500000,0 days 00:00:33.600000,aya07_f_26,female,26,en/ar-jo
databases/tub-age2/age_files/aya/aya08_m_32.wav,0 days 00:00:00.620000,0 days 00:00:01.420000,aya08_m_32,male,32,pt-pt
databases/tub-age2/age_files/aya/aya08_m_32.wav,0 days 00:00:01.840000,0 days 00:00:04.180000,aya08_m_32,male,32,pt-pt
databases/tub-age2/age_files/aya/aya08_m_32.wav,0 days 00:00:04.800000,0 days 00:00:06.520000,aya08_m_32,male,32,pt-pt
databases/tub-age2/age_files/aya/aya08_m_32.wav,0 days 00:00:07.080000,0 days 00:00:11.400000,aya08_m_32,male,32,pt-pt
databases/tub-age2/age_files/aya/aya08_m_32.wav,0 days 00:00:12.360000,0 days 00:00:13.780000,aya08_m_32,male,32,pt-pt
databases/tub-age2/age_files/aya/aya08_m_32.wav,0 days 00:00:14.040000,0 days 00:00:18.280000,aya08_m_32,male,32,pt-pt
databases/tub-age2/age_files/aya/aya08_m_32.wav,0 days 00:00:18.760000,0 days 00:00:19.760000,aya08_m_32,male,32,pt-pt
databases/tub-age2/age_files/aya/aya08_m_32.wav,0 days 00:00:20.680000,0 days 00:00:23.820000,aya08_m_32,male,32,pt-pt
databases/tub-age2/age_files/aya/aya08_m_32.wav,0 days 00:00:25.640000,0 days 00:00:26.820000,aya08_m_32,male,32,pt-pt
databases/tub-age2/age_files/aya/aya08_m_32.wav,0 days 00:00:27.820000,0 days 00:00:28.580000,aya08_m_32,male,32,pt-pt
databases/tub-age2/age_files/aya/aya08_m_32.wav,0 days 00:00:29.500000,0 days 00:00:31.680000,aya08_m_32,male,32,pt-pt
databases/tub-age2/age_files/aya/aya08_m_32.wav,0 days 00:00:32.640000,0 days 00:00:33.480000,aya08_m_32,male,32,pt-pt
databases/tub-age2/age_files/aya/aya08_m_32.wav,0 days 00:00:34.340000,0 days 00:00:38.780000,aya08_m_32,male,32,pt-pt
databases/tub-age2/age_files/aya/aya08_m_32.wav,0 days 00:00:39.580000,0 days 00:00:42.660000,aya08_m_32,male,32,pt-pt
databases/tub-age2/age_files/aya/aya08_m_32.wav,0 days 00:00:43.360000,0 days 00:00:47.520000,aya08_m_32,male,32,pt-pt
databases/tub-age2/age_files/aya/aya08_m_32.wav,0 days 00:00:47.980000,0 days 00:00:50.120000,aya08_m_32,male,32,pt-pt
databases/tub-age2/age_files/aya/aya08_m_32.wav,0 days 00:00:50.620000,0 days 00:00:54.220000,aya08_m_32,male,32,pt-pt
databases/tub-age2/age_files/aya/aya08_m_32.wav,0 days 00:00:54.700000,0 days 00:00:55.860000,aya08_m_32,male,32,pt-pt
databases/tub-age2/age_files/aya/aya08_m_32.wav,0 days 00:00:56.320000,0 days 00:00:59.900000,aya08_m_32,male,32,pt-pt
databases/tub-age2/age_files/aya/aya08_m_32.wav,0 days 00:01:00.820000,0 days 00:01:02.440000,aya08_m_32,male,32,pt-pt
databases/tub-age2/age_files/aya/aya08_m_32.wav,0 days 00:01:03.160000,0 days 00:01:04.280000,aya08_m_32,male,32,pt-pt
databases/tub-age2/age_files/aya/aya08_m_32.wav,0 days 00:01:04.600000,0 days 00:01:06.120000,aya08_m_32,male,32,pt-pt
databases/tub-age2/age_files/aya/aya08_m_32.wav,0 days 00:01:06.880000,0 days 00:01:07.720000,aya08_m_32,male,32,pt-pt
databases/tub-age2/age_files/aya/aya08_m_32.wav,0 days 00:01:08.160000,0 days 00:01:09.440000,aya08_m_32,male,32,pt-pt
databases/tub-age2/age_files/aya/aya08_m_32.wav,0 days 00:01:10.340000,0 days 00:01:12.140000,aya08_m_32,male,32,pt-pt
databases/tub-age2/age_files/aya/aya08_m_32.wav,0 days 00:01:13.320000,0 days 00:01:18.400000,aya08_m_32,male,32,pt-pt
databases/tub-age2/age_files/aya/aya08_m_32.wav,0 days 00:01:19,0 days 00:01:20.340000,aya08_m_32,male,32,pt-pt
databases/tub-age2/age_files/aya/aya08_m_32.wav,0 days 00:01:21.280000,0 days 00:01:24.120000,aya08_m_32,male,32,pt-pt
databases/tub-age2/age_files/aya/aya08_m_32.wav,0 days 00:01:25.020000,0 days 00:01:27.040000,aya08_m_32,male,32,pt-pt
databases/tub-age2/age_files/aya/aya08_m_32.wav,0 days 00:01:28.900000,0 days 00:01:31.680000,aya08_m_32,male,32,pt-pt
databases/tub-age2/age_files/aya/aya08_m_32.wav,0 days 00:01:32.200000,0 days 00:01:33.600000,aya08_m_32,male,32,pt-pt
databases/tub-age2/age_files/aya/aya08_m_32.wav,0 days 00:01:34.040000,0 days 00:01:38.320000,aya08_m_32,male,32,pt-pt
databases/tub-age2/age_files/aya/aya08_m_32.wav,0 days 00:01:39.360000,0 days 00:01:43.740000,aya08_m_32,male,32,pt-pt
databases/tub-age2/age_files/aya/aya08_m_32.wav,0 days 00:01:44.880000,0 days 00:01:49.700000,aya08_m_32,male,32,pt-pt
databases/tub-age2/age_files/aya/aya08_m_32.wav,0 days 00:01:50.120000,0 days 00:01:53.360000,aya08_m_32,male,32,pt-pt
databases/tub-age2/age_files/aya/aya08_m_32.wav,0 days 00:01:54.380000,0 days 00:01:55.940000,aya08_m_32,male,32,pt-pt
databases/tub-age2/age_files/aya/aya08_m_32.wav,0 days 00:01:58.720000,0 days 00:02:02.520000,aya08_m_32,male,32,pt-pt
databases/tub-age2/age_files/aya/aya09_m_15.wav,0 days 00:00:00.020000,0 days 00:00:04.180000,aya09_m_15,female,15,de-de
databases/tub-age2/age_files/aya/aya09_m_15.wav,0 days 00:00:04.980000,0 days 00:00:06.180000,aya09_m_15,female,15,de-de
databases/tub-age2/age_files/aya/aya09_m_15.wav,0 days 00:00:07.040000,0 days 00:00:09.480000,aya09_m_15,female,15,de-de
databases/tub-age2/age_files/aya/aya09_m_15.wav,0 days 00:00:10.120000,0 days 00:00:16.690000,aya09_m_15,female,15,de-de
databases/tub-age2/age_files/aya/aya09_m_15.wav,0 days 00:00:17.760000,0 days 00:00:19.440000,aya09_m_15,female,15,de-de
databases/tub-age2/age_files/aya/aya09_m_15.wav,0 days 00:00:20.860000,0 days 00:00:26.540000,aya09_m_15,female,15,de-de
databases/tub-age2/age_files/aya/aya09_m_15.wav,0 days 00:00:26.920000,0 days 00:00:28.560000,aya09_m_15,female,15,de-de
databases/tub-age2/age_files/aya/aya09_m_15.wav,0 days 00:00:29.520000,0 days 00:00:33.040000,aya09_m_15,female,15,de-de
databases/tub-age2/age_files/aya/aya09_m_15.wav,0 days 00:00:33.560000,0 days 00:00:37.420000,aya09_m_15,female,15,de-de
databases/tub-age2/age_files/aya/aya09_m_15.wav,0 days 00:00:40.080000,0 days 00:00:41.660000,aya09_m_15,female,15,de-de
databases/tub-age2/age_files/aya/aya09_m_15.wav,0 days 00:00:42.540000,0 days 00:00:45.380000,aya09_m_15,female,15,de-de
databases/tub-age2/age_files/aya/aya09_m_15.wav,0 days 00:00:45.880000,0 days 00:00:47.360000,aya09_m_15,female,15,de-de
databases/tub-age2/age_files/aya/aya09_m_15.wav,0 days 00:00:47.800000,0 days 00:00:49.080000,aya09_m_15,female,15,de-de
databases/tub-age2/age_files/aya/aya10_m_16.wav,0 days 00:00:03.540000,0 days 00:00:09.500000,aya10_m_16,male,16,pt-pt
databases/tub-age2/age_files/aya/aya10_m_16.wav,0 days 00:00:10.080000,0 days 00:00:11.180000,aya10_m_16,male,16,pt-pt
databases/tub-age2/age_files/aya/aya10_m_16.wav,0 days 00:00:11.680000,0 days 00:00:14.340000,aya10_m_16,male,16,pt-pt
databases/tub-age2/age_files/aya/aya10_m_16.wav,0 days 00:00:16.560000,0 days 00:00:21.040000,aya10_m_16,male,16,pt-pt
databases/tub-age2/age_files/aya/aya10_m_16.wav,0 days 00:00:21.440000,0 days 00:00:23.480000,aya10_m_16,male,16,pt-pt
databases/tub-age2/age_files/aya/aya10_m_16.wav,0 days 00:00:24.160000,0 days 00:00:28.740000,aya10_m_16,male,16,pt-pt
databases/tub-age2/age_files/aya/aya10_m_16.wav,0 days 00:00:29.340000,0 days 00:00:33.960000,aya10_m_16,male,16,pt-pt
databases/tub-age2/age_files/aya/aya10_m_16.wav,0 days 00:00:34.680000,0 days 00:00:35.480000,aya10_m_16,male,16,pt-pt
databases/tub-age2/age_files/aya/aya10_m_16.wav,0 days 00:00:36.600000,0 days 00:00:40.520000,aya10_m_16,male,16,pt-pt
databases/tub-age2/age_files/aya/aya10_m_16.wav,0 days 00:00:40.920000,0 days 00:00:41.880000,aya10_m_16,male,16,pt-pt
databases/tub-age2/age_files/aya/aya11_f_78.wav,0 days 00:00:00.240000,0 days 00:00:03.220000,aya11_f_78,female,78,pt-pt
databases/tub-age2/age_files/aya/aya11_f_78.wav,0 days 00:00:03.740000,0 days 00:00:06.480000,aya11_f_78,female,78,pt-pt
databases/tub-age2/age_files/aya/aya11_f_78.wav,0 days 00:00:06.900000,0 days 00:00:12.620000,aya11_f_78,female,78,pt-pt
databases/tub-age2/age_files/aya/aya11_f_78.wav,0 days 00:00:13.880000,0 days 00:00:15.280000,aya11_f_78,female,78,pt-pt
databases/tub-age2/age_files/aya/aya11_f_78.wav,0 days 00:00:16.100000,0 days 00:00:21.500000,aya11_f_78,female,78,pt-pt
databases/tub-age2/age_files/aya/aya11_f_78.wav,0 days 00:00:22.320000,0 days 00:00:23.840000,aya11_f_78,female,78,pt-pt
databases/tub-age2/age_files/aya/aya11_f_78.wav,0 days 00:00:24.960000,0 days 00:00:28.740000,aya11_f_78,female,78,pt-pt
databases/tub-age2/age_files/aya/aya11_f_78.wav,0 days 00:00:29.420000,0 days 00:00:31.140000,aya11_f_78,female,78,pt-pt
databases/tub-age2/age_files/aya/aya11_f_78.wav,0 days 00:00:31.540000,0 days 00:00:33.440000,aya11_f_78,female,78,pt-pt
databases/tub-age2/age_files/aya/aya11_f_78.wav,0 days 00:00:34.580000,0 days 00:00:38.100000,aya11_f_78,female,78,pt-pt
databases/tub-age2/age_files/aya/aya11_f_78.wav,0 days 00:00:38.740000,0 days 00:00:42.660000,aya11_f_78,female,78,pt-pt
databases/tub-age2/age_files/aya/aya11_f_78.wav,0 days 00:00:43.420000,0 days 00:00:46.580000,aya11_f_78,female,78,pt-pt
databases/tub-age2/age_files/aya/aya11_f_78.wav,0 days 00:00:47.100000,0 days 00:00:49.120000,aya11_f_78,female,78,pt-pt
databases/tub-age2/age_files/aya/aya11_f_78.wav,0 days 00:00:49.560000,0 days 00:00:53.620000,aya11_f_78,female,78,pt-pt
databases/tub-age2/age_files/aya/aya11_f_78.wav,0 days 00:00:54.300000,0 days 00:00:58,aya11_f_78,female,78,pt-pt
databases/tub-age2/age_files/aya/aya11_f_78.wav,0 days 00:00:58.540000,0 days 00:01:00.360000,aya11_f_78,female,78,pt-pt
databases/tub-age2/age_files/aya/aya11_f_78.wav,0 days 00:01:01.280000,0 days 00:01:03.480000,aya11_f_78,female,78,pt-pt
databases/tub-age2/age_files/aya/aya11_f_78.wav,0 days 00:01:04.300000,0 days 00:01:05.680000,aya11_f_78,female,78,pt-pt
databases/tub-age2/age_files/aya/aya11_f_78.wav,0 days 00:01:06.780000,0 days 00:01:11.640000,aya11_f_78,female,78,pt-pt
databases/tub-age2/age_files/aya/aya11_f_78.wav,0 days 00:01:12.020000,0 days 00:01:14.300000,aya11_f_78,female,78,pt-pt
databases/tub-age2/age_files/aya/aya11_f_78.wav,0 days 00:01:14.740000,0 days 00:01:18.100000,aya11_f_78,female,78,pt-pt
databases/tub-age2/age_files/aya/aya11_f_78.wav,0 days 00:01:19.040000,0 days 00:01:20.500000,aya11_f_78,female,78,pt-pt
databases/tub-age2/age_files/aya/aya11_f_78.wav,0 days 00:01:21.460000,0 days 00:01:27.910000,aya11_f_78,female,78,pt-pt
databases/tub-age2/age_files/aya/aya11_f_78.wav,0 days 00:01:29.400000,0 days 00:01:35.360000,aya11_f_78,female,78,pt-pt
databases/tub-age2/age_files/aya/aya11_f_78.wav,0 days 00:01:36.280000,0 days 00:01:41.960000,aya11_f_78,female,78,pt-pt
databases/tub-age2/age_files/aya/aya12_m_18.wav,0 days 00:00:01.160000,0 days 00:00:08.120000,aya12_m_18,male,18,pt-pt
databases/tub-age2/age_files/aya/aya12_m_18.wav,0 days 00:00:08.180000,0 days 00:00:09.040000,aya12_m_18,male,18,pt-pt
databases/tub-age2/age_files/aya/aya12_m_18.wav,0 days 00:00:09.920000,0 days 00:00:11.020000,aya12_m_18,male,18,pt-pt
databases/tub-age2/age_files/aya/aya12_m_18.wav,0 days 00:00:11.340000,0 days 00:00:16.200000,aya12_m_18,male,18,pt-pt
databases/tub-age2/age_files/aya/aya12_m_18.wav,0 days 00:00:16.640000,0 days 00:00:18.180000,aya12_m_18,male,18,pt-pt
databases/tub-age2/age_files/aya/aya12_m_18.wav,0 days 00:00:19.040000,0 days 00:00:21.740000,aya12_m_18,male,18,pt-pt
databases/tub-age2/age_files/aya/aya12_m_18.wav,0 days 00:00:22.660000,0 days 00:00:23.460000,aya12_m_18,male,18,pt-pt
databases/tub-age2/age_files/aya/aya12_m_18.wav,0 days 00:00:24.080000,0 days 00:00:25.860000,aya12_m_18,male,18,pt-pt
databases/tub-age2/age_files/aya/aya12_m_18.wav,0 days 00:00:26.180000,0 days 00:00:28.540000,aya12_m_18,male,18,pt-pt
databases/tub-age2/age_files/aya/aya13_m_34.wav,0 days 00:00:00.940000,0 days 00:00:07.110000,aya13_m_34,male,34,ar/ar-jo
databases/tub-age2/age_files/aya/aya13_m_34.wav,0 days 00:00:07.180000,0 days 00:00:11.140000,aya13_m_34,male,34,ar/ar-jo
databases/tub-age2/age_files/aya/aya13_m_34.wav,0 days 00:00:11.640000,0 days 00:00:18.600000,aya13_m_34,male,34,ar/ar-jo
databases/tub-age2/age_files/aya/aya13_m_34.wav,0 days 00:00:18.660000,0 days 00:00:23.640000,aya13_m_34,male,34,ar/ar-jo
databases/tub-age2/age_files/aya/aya13_m_34.wav,0 days 00:00:24.600000,0 days 00:00:26.320000,aya13_m_34,male,34,ar/ar-jo
databases/tub-age2/age_files/aya/aya13_m_34.wav,0 days 00:00:26.740000,0 days 00:00:30.940000,aya13_m_34,male,34,ar/ar-jo
databases/tub-age2/age_files/aya/aya13_m_34.wav,0 days 00:00:31.620000,0 days 00:00:37.280000,aya13_m_34,male,34,ar/ar-jo
databases/tub-age2/age_files/aya/aya13_m_34.wav,0 days 00:00:37.600000,0 days 00:00:39.280000,aya13_m_34,male,34,ar/ar-jo
databases/tub-age2/age_files/aya/aya13_m_34.wav,0 days 00:00:40.040000,0 days 00:00:43.160000,aya13_m_34,male,34,ar/ar-jo
databases/tub-age2/age_files/salwa/sal_01_f_43.wav,0 days 00:00:00.220000,0 days 00:00:04.200000,sal01_f_43,female,43,it
databases/tub-age2/age_files/salwa/sal_01_f_43.wav,0 days 00:00:04.700000,0 days 00:00:08.260000,sal01_f_43,female,43,it
databases/tub-age2/age_files/salwa/sal_01_f_43.wav,0 days 00:00:08.800000,0 days 00:00:10.480000,sal01_f_43,female,43,it
databases/tub-age2/age_files/salwa/sal_01_f_43.wav,0 days 00:00:10.820000,0 days 00:00:14.820000,sal01_f_43,female,43,it
databases/tub-age2/age_files/salwa/sal_01_f_43.wav,0 days 00:00:15.100000,0 days 00:00:19.020000,sal01_f_43,female,43,it
databases/tub-age2/age_files/salwa/sal_02_m_22.wav,0 days 00:00:01.500000,0 days 00:00:08.050000,sal02_m_22,male,22,de-de
databases/tub-age2/age_files/salwa/sal_02_m_22.wav,0 days 00:00:08.240000,0 days 00:00:09.680000,sal02_m_22,male,22,de-de
databases/tub-age2/age_files/salwa/sal_02_m_22.wav,0 days 00:00:10.160000,0 days 00:00:17.120000,sal02_m_22,male,22,de-de
databases/tub-age2/age_files/salwa/sal_02_m_22.wav,0 days 00:00:19.080000,0 days 00:00:21.180000,sal02_m_22,male,22,de-de
databases/tub-age2/age_files/salwa/sal_02_m_22.wav,0 days 00:00:21.620000,0 days 00:00:25.120000,sal02_m_22,male,22,de-de
databases/tub-age2/age_files/salwa/sal_02_m_22.wav,0 days 00:00:25.440000,0 days 00:00:26.640000,sal02_m_22,male,22,de-de
databases/tub-age2/age_files/salwa/sal_03_f_30.wav,0 days 00:00:00.520000,0 days 00:00:04.260000,sal03_f_30,female,30,de-de
databases/tub-age2/age_files/salwa/sal_03_f_30.wav,0 days 00:00:04.760000,0 days 00:00:11.090000,sal03_f_30,female,30,de-de
databases/tub-age2/age_files/salwa/sal_03_f_30.wav,0 days 00:00:11.560000,0 days 00:00:16.620000,sal03_f_30,female,30,de-de
databases/tub-age2/age_files/salwa/sal_03_f_30.wav,0 days 00:00:17.020000,0 days 00:00:19.100000,sal03_f_30,female,30,de-de
databases/tub-age2/age_files/salwa/sal_04_m_28.wav,0 days 00:00:00,0 days 00:00:05.440000,sal04_m_28,male,28,de-de
databases/tub-age2/age_files/salwa/sal_04_m_28.wav,0 days 00:00:06.020000,0 days 00:00:12.980000,sal04_m_28,male,28,de-de
databases/tub-age2/age_files/salwa/sal_04_m_28.wav,0 days 00:00:13.480000,0 days 00:00:16.220000,sal04_m_28,male,28,de-de
databases/tub-age2/age_files/salwa/sal_04_m_28.wav,0 days 00:00:16.720000,0 days 00:00:22.690000,sal04_m_28,male,28,de-de
databases/tub-age2/age_files/salwa/sal_05_f_25.wav,0 days 00:00:00.860000,0 days 00:00:05.700000,sal05_f_25,female,25,eng 
databases/tub-age2/age_files/salwa/sal_05_f_25.wav,0 days 00:00:06.260000,0 days 00:00:08.240000,sal05_f_25,female,25,eng 
databases/tub-age2/age_files/salwa/sal_05_f_25.wav,0 days 00:00:08.580000,0 days 00:00:11.280000,sal05_f_25,female,25,eng 
databases/tub-age2/age_files/salwa/sal_05_f_25.wav,0 days 00:00:12.160000,0 days 00:00:13.480000,sal05_f_25,female,25,eng 
databases/tub-age2/age_files/salwa/sal_05_f_25.wav,0 days 00:00:14.040000,0 days 00:00:18.480000,sal05_f_25,female,25,eng 
databases/tub-age2/age_files/salwa/sal_06_m_32.wav,0 days 00:00:00.800000,0 days 00:00:06.500000,sal06_m_32,male,32,it
databases/tub-age2/age_files/salwa/sal_06_m_32.wav,0 days 00:00:06.820000,0 days 00:00:13.780000,sal06_m_32,male,32,it
databases/tub-age2/age_files/salwa/sal_06_m_32.wav,0 days 00:00:13.920000,0 days 00:00:15.820000,sal06_m_32,male,32,it
databases/tub-age2/age_files/salwa/sal_06_m_32.wav,0 days 00:00:16.120000,0 days 00:00:17.520000,sal06_m_32,male,32,it
databases/tub-age2/age_files/salwa/sal_06_m_32.wav,0 days 00:00:18.040000,0 days 00:00:23,sal06_m_32,male,32,it
databases/tub-age2/age_files/salwa/sal_06_m_32.wav,0 days 00:00:23.800000,0 days 00:00:25.760000,sal06_m_32,male,32,it
databases/tub-age2/age_files/salwa/sal_06_m_32.wav,0 days 00:00:29.340000,0 days 00:00:30.180000,sal06_m_32,male,32,it
databases/tub-age2/age_files/salwa/sal_07_m_5.wav,0 days 00:00:01.440000,0 days 00:00:04.960000,sal07_m_5,male,5,de-de
databases/tub-age2/age_files/salwa/sal_07_m_5.wav,0 days 00:00:05.480000,0 days 00:00:06.300000,sal07_m_5,male,5,de-de
databases/tub-age2/age_files/salwa/sal_07_m_5.wav,0 days 00:00:06.680000,0 days 00:00:08.500000,sal07_m_5,male,5,de-de
databases/tub-age2/age_files/salwa/sal_07_m_5.wav,0 days 00:00:10.960000,0 days 00:00:13.520000,sal07_m_5,male,5,de-de
databases/tub-age2/age_files/salwa/sal_07_m_5.wav,0 days 00:00:13.980000,0 days 00:00:15.080000,sal07_m_5,male,5,de-de
databases/tub-age2/age_files/salwa/sal_07_m_5.wav,0 days 00:00:15.440000,0 days 00:00:17.460000,sal07_m_5,male,5,de-de
databases/tub-age2/age_files/salwa/sal_07_m_5.wav,0 days 00:00:18.420000,0 days 00:00:20.740000,sal07_m_5,male,5,de-de
databases/tub-age2/age_files/salwa/sal_08_f_50.wav,0 days 00:00:00.100000,0 days 00:00:03.280000,sal08_f_50,female,50,de-de
databases/tub-age2/age_files/salwa/sal_08_f_50.wav,0 days 00:00:03.600000,0 days 00:00:10.560000,sal08_f_50,female,50,de-de
databases/tub-age2/age_files/salwa/sal_08_f_50.wav,0 days 00:00:10.620000,0 days 00:00:11.740000,sal08_f_50,female,50,de-de
databases/tub-age2/age_files/salwa/sal_08_f_50.wav,0 days 00:00:12.100000,0 days 00:00:14.280000,sal08_f_50,female,50,de-de
databases/tub-age2/age_files/salwa/sal_08_f_50.wav,0 days 00:00:14.740000,0 days 00:00:15.740000,sal08_f_50,female,50,de-de
databases/tub-age2/age_files/salwa/sal_08_f_50.wav,0 days 00:00:16.140000,0 days 00:00:23.100000,sal08_f_50,female,50,de-de
databases/tub-age2/age_files/salwa/sal_08_f_50.wav,0 days 00:00:23.160000,0 days 00:00:24.960000,sal08_f_50,female,50,de-de
databases/tub-age2/age_files/salwa/sal_09_m_14.wav,0 days 00:00:00.420000,0 days 00:00:04.860000,sal09_m_14,male,14,de-de
databases/tub-age2/age_files/salwa/sal_09_m_14.wav,0 days 00:00:05.240000,0 days 00:00:11.200000,sal09_m_14,male,14,de-de
databases/tub-age2/age_files/salwa/sal_09_m_14.wav,0 days 00:00:11.380000,0 days 00:00:12.420000,sal09_m_14,male,14,de-de
databases/tub-age2/age_files/salwa/sal_09_m_14.wav,0 days 00:00:12.880000,0 days 00:00:19.050000,sal09_m_14,male,14,de-de
databases/tub-age2/age_files/salwa/sal_09_m_14.wav,0 days 00:00:19.680000,0 days 00:00:20.960000,sal09_m_14,male,14,de-de
